0;0.10223840625910463;0.0698428654141533;0.4681070821031803;0.04786746202030833;0.36827043548902433;0.3082882280084994;0.6391358956341597;0.9933377965611243;0.571606439085349;0.31373824959583196;0.14403997723582884;0.8281648738049512;0.8996661852515777;0.6396729140080559;0.9017765650592231;0.45531059789370154;0.6688562019665062;0.7117695262181813;0.3868013383278754;0.705501514345287;0.009063716026885826;0.29084553479074654;0.45;0.5561669052907425
1;0.013285917214424403;0.009675478708117913;0.7912951412383824;0.14753644963765575;0.685958503072438;0.09823040961015285;0.03837133700601614;0.36821564805446294;0.8321610837377891;0.2610880488097186;0.6261590357900223;0.001079523860439191;0.28357828282302583;0.6264473618310324;0.6037506179095438;0.6563517692535044;0.08652157090712975;0.7427348272253207;0.6906475252539054;0.6568119040866549;0.6030767945959266;0.8056050279284799;0.15000000000000002;0.4613026807378878
2;0.22688300429826513;0.9987747695084925;0.12622847307538554;0.25424396125537707;0.7199223431352187;0.28178124139599675;0.03819207779556755;0.576975106309292;0.16075117839746156;0.954217393440448;0.2642435252523806;0.4548479126978593;0.6277738042084466;0.04580632816598662;0.8609875513477425;0.7401528331984197;0.9489403373395427;0.31052343707024654;0.27351724546813916;0.6385929593399853;0.8634034540884614;0.41424007127048496;0.75;0.5757988112261472
3;0.42819048732893006;0.7603544381761325;0.10175072560652798;0.35271164582939746;0.06152193458669219;0.06286895364647621;0.41611914293297136;0.27171694989929374;0.8713476845361796;0.3226469912057376;0.35287025571520625;0.1882292758883809;0.9683536390494937;0.7727545182333966;0.79015401715482;0.5411605857891999;0.34436628086118626;0.0468837498809489;0.7741329570552595;0.9133968518881381;0.7939678827768342;0.8366964873830722;0.10000000000000003;0.5035234020202843
4;0.9759765706529117;0.6105452127048072;0.22553519049054205;0.0025809062517349437;0.7417077676572525;0.3462879274387365;0.1397896344019558;0.1620773245553928;0.6980384965765618;0.32956675422210424;0.09282666275999896;0.5508705988062197;0.49389063238081116;0.618170658218248;0.9290709253893574;0.892673744467106;0.20136898562423822;0.13217963390523746;0.6853284617567106;0.38875795038947625;0.7446319196902496;0.46569587600392276;0.7;0.5122700786641661
5;0.8926332750246017;0.9673989885153218;0.15878653126016085;0.7693631489850615;0.929151449535147;0.591708815784406;0.7215887635843883;0.29465755112497294;0.12577485729053706;0.0892722236958372;0.173700314001905;0.0427304857854679;0.7421674731904909;0.8359868873484348;0.06028691534689104;0.5809327174700591;0.0065753468174575835;0.8586582284088982;0.3232942506597019;0.7208815362453229;0.7315569232039323;0.17445931280899724;0.35000000000000003;0.4760578798235641
6;0.2962615448561684;0.9229905900029616;0.41529687480573263;0.15420959557680275;0.5727637762823959;0.781216986473241;0.6199211174630521;0.4360848720540771;0.3329024888710501;0.10864158091074383;0.31784997592496456;0.7211084025566343;0.03518321561706972;0.5829203396421683;0.5769259609851644;0.40040867362821864;0.5011159851346111;0.4615657972281113;0.9660929235971089;0.11935053508810944;0.9764492121141956;0.07471571253726805;0.8;0.44663245866742685
7;0.18690136654256861;0.056686612845621265;0.14108109121237966;0.5512469261969077;0.678752915483797;0.5300996471547688;0.08635869273755858;0.8926825175986592;0.8625254289492346;0.42134700823927973;0.6351847976939665;0.4429299556059503;0.8463732435116529;0.5138539484355258;0.43749871983588917;0.5165071821058618;0.39248017542182123;0.9340884966998959;0.40374430578075027;0.5735948258365797;0.5058537231301826;0.4923954941483581;0.2;0.5024968738093899
8;0.025102719283753405;0.9980130456546554;0.42965035984281963;0.45824895644279545;0.8221787414387844;0.2593151576069045;0.09703041510789556;0.4305941867485563;0.22839451039914804;0.7654816738416262;0.6869355020366529;0.09827287545170171;0.09752322384372986;0.43168178860733075;0.22996959316810403;0.42988698048378016;0.7877447331910373;0.2997259642765271;0.9847476310088885;0.9931832028831218;0.24654315731446574;0.5030841609493766;0.3;0.43701941184055604
9;0.7305523858435495;0.8865553795194969;0.06361679202216297;0.9450591479933568;0.5736126175902677;0.18526170800245004;0.8808213559084526;0.5536025588434252;0.11597755143906041;0.5727177649965635;0.6256477066420038;0.9866025940994001;0.5532347354180477;0.24910197618885022;0.0718499354862482;0.5991595457729622;0.3758579719138164;0.6774383193077878;0.3994354557626646;0.7944157669617466;0.7654938812950405;0.7203958135458564;0.15000000000000002;0.4538062525694143
10;0.3399741605280143;0.08482513358395838;0.16250990172524493;0.5042009950767475;0.6160000259354967;0.2738682637471645;0.8826034208020517;0.277616307656541;0.6990983270988851;0.5211181104269781;0.31290351793584825;0.2565564508990531;0.5716945139145805;0.7585609340834569;0.31425697521301593;0.19185168834665323;0.5016612525662081;0.5255619585198166;0.47139393852075373;0.44405349511011094;0.34757312625763026;0.28545907365668616;0.4000000000000001;0.47650973251052636
11;0.6767349730063773;0.18078474507031683;0.7158945625226729;0.7005666452411176;0.608889543240925;0.3157443830926698;0.8602330409875789;0.41110078330668487;0.6810614990818393;0.3147819867535935;0.6011063751188984;0.7236873700993913;0.9567059904511119;0.3517683236382174;0.4654354088098111;0.5679231365164483;0.2970622538532932;0.23337417525939763;0.27561697457748646;0.5500041439673076;0.5001562817885941;0.3157038508131967;0.55;0.5286881752758166
12;0.48558558122430273;0.8977742716471959;0.2688532271300572;0.29409934086718287;0.9717248161766942;0.9378861234103318;0.323415847799148;0.9001053925431186;0.573302540171152;0.7960730672598925;0.7691350414774761;0.48580521468930593;0.9122179752783997;0.9971540330968134;0.4094330037306347;0.5345182493304677;0.3227156897114126;0.38432252162542424;0.9705984257205187;0.03491772530120163;0.4540239201630858;0.06160085131376941;0.8500000000000001;0.4918112939923233
13;0.568856167924051;0.11962520320522885;0.9786194232465908;0.7796502968150868;0.2468576178566132;0.0823288885853518;0.8599675407910661;0.5472872657037069;0.8301592025431028;0.40112725909733593;0.6307919036648272;0.21575104403337853;0.9493345477046753;0.07923123798553533;0.6608022325255565;0.3430508804132142;0.6632100745747336;0.9275877368032366;0.09111110569908992;0.9253265398601085;0.3576447626723375;0.8206010486729254;0.8;0.5328290051214952
14;0.553217163823697;0.5707697501668803;0.8876305340870994;0.6988561220374216;0.9529017762050164;0.16568095479264114;0.7048359050046213;0.07717220195618246;0.699997495437775;0.529570067666007;0.8056951435485827;0.6076147927950242;0.17447426217886142;0.9931062864839237;0.15823544323753533;0.5491973363600744;0.686792227889255;0.08465656574598168;0.6926352264541844;0.6843677253183864;0.7133346405783891;0.7784666212328115;0.04999999999999999;0.44613015451871396
15;0.46009821535909545;0.45528677001241524;0.6619148585041077;0.04127043414346748;0.3073881581025634;0.1073295963213718;0.512256841529052;0.3411586517237102;0.42540090778029005;0.3629207604824748;0.8554386589075845;0.4629841521076836;0.20888025108071867;0.3592279614035707;0.38347363087590963;0.44821724016133846;0.46509933044794416;0.6861795893600613;0.054286119916783115;0.9397107867795451;0.1253223929327676;0.16699460261769772;0.35000000000000003;0.4467516532821878
16;0.48632640427891183;0.3499452199277757;0.5049742682036553;0.3783897553095652;0.4043191754741146;0.8406697807498577;0.18828808302928568;0.4037740950463258;0.42753101362007806;0.6650248367566579;0.37223847820329536;0.06513530796333433;0.24356912903059158;0.2909865704540078;0.12440950621563701;0.22216982348682546;0.6983510241373346;0.244664254096302;0.8494122581372283;0.6142180696906792;0.1877398089010619;0.3792344469478562;0.8500000000000001;0.4489687665726126
17;0.949355544622911;0.18996912156155754;0.30331833978562517;0.636439396628099;0.22753559058143838;0.9981883960232655;0.5879386607481296;0.07605113131929508;0.17558734492881412;0.6590633186063081;0.42522598121548316;0.04167473540878697;0.6913265218288188;0.8024143227238092;0.728940919808218;0.9585941134183775;0.014753711953098603;0.7979458047251673;0.14002483037430496;0.2760281787504466;0.23711213222720462;0.5677051980196379;0.8500000000000001;0.5823686459554245
18;0.13990313813404598;0.15723041018093964;0.3406891996584074;0.4640090977452471;0.3559353694714546;0.6950462533580136;0.6530123888516912;0.7822403079064639;0.5556190824376921;0.27591645115947694;0.2579465777532163;0.1915061970561317;0.18842068586657862;0.10100014516770539;0.2042299496302215;0.4374740886052404;0.3740437020005609;0.40608286737422294;0.7630699386346176;0.3621026582225695;0.8395920424986852;0.9316978064286101;0.8;0.4274839394322564
19;0.4330831196116297;0.4197561246497741;0.9694120027140574;0.2860699442095423;0.8346584392032955;0.8162724025458712;0.14424992566516526;0.2582713880048366;0.16341428217981568;0.04771563324241024;0.5572960259064806;0.33061302059334174;0.47920883332774267;0.8868466456424171;0.5341791745392281;0.3031129475640375;0.730172398044911;0.7657617908081105;0.32999661142793035;0.8845581735640338;0.5225749033728949;0.11539877102278634;0.15000000000000002;0.45635150298110977
20;0.5405186023736167;0.8575937653692232;0.8105246206564138;0.360470997104389;0.7659815293383856;0.8699454235946784;0.9723879357906904;0.04183032273483711;0.9076064141445013;0.4740530836344915;0.44301020197559493;0.09211059566586699;0.04425294120460099;0.3865243246269179;0.4089758746063283;0.4412525764152502;0.4416696394117895;0.1437791829754298;0.09572592884134601;0.4516479267307967;0.41136832768957854;0.24679496125419464;0.9000000000000001;0.4443954818948967
21;0.7250212913932562;0.5506280828517243;0.8398659507451283;0.10296878166094993;0.032897212012016584;0.5963408282440485;0.5239983132937429;0.17295998599109708;0.42889205238331685;0.5096068154232022;0.2829633204169547;0.592860760611233;0.42847725613246335;0.024133655561602296;0.45580109336168895;0.2817338090361625;0.6873411326039448;0.8565501914918712;0.7012478670783072;0.16616740889010617;0.19102640891980643;0.9375866417806089;0.9500000000000002;0.45174329507982025
22;0.48992484222023613;0.916589274309676;0.3211963295757938;0.3245084466881293;0.8883274660712868;0.7407787295820241;0.6103709400220867;0.9200076449226255;0.08550217102378044;0.4268584020624199;0.45744538799622914;0.8354783788370665;0.8098439520440861;0.9261163385297406;0.7669765477250359;0.44114499320108536;0.8466617259345527;0.5825095557576021;0.6894295070768748;0.44900765922560937;0.3836070647617169;0.9792412605127678;0.45;0.47835475411526673
23;0.9804986440262909;0.41711867347773457;0.985870028176755;0.8620456880631555;0.40838509642588794;0.5950977106584467;0.287644587977558;0.5713871246470383;0.3499398524387973;0.7101368073740405;0.7639938848097617;0.7466055002110357;0.1863807279067093;0.7117011385272667;0.27183179151011166;0.6212686466977395;0.5421796231950767;0.16597496131738398;0.06656082724353307;0.33753452188890254;0.8185208080014594;0.9576331425450559;0.8500000000000001;0.4440646938660623
24;0.6459569321129114;0.3556180940073548;0.9203664822287125;0.41540455777347607;0.8545867515634108;0.5836577726845174;0.6186335967848204;0.9589566870810604;0.3406982068948037;0.5016084173094594;0.9883861545532747;0.5956700925130707;0.9073908487342457;0.9024583498731662;0.8787347067612726;0.01846355533252453;0.8623397906835061;0.1253057371416697;0.8463905397739802;0.17344831022884244;0.7978574961554494;0.9386322394752946;0.5;0.47482235655656113
25;0.5805941567018177;0.7294445033051298;0.5748298412003248;0.9612415103415001;0.14724955809095336;0.28303208431013255;0.4720291037467481;0.4784866580311453;0.33991176737186257;0.3170531170585791;0.5337664946674582;0.13912004355007968;0.5064272464911697;0.488019509623264;0.17969250993793628;0.8555348201377937;0.18032239441204956;0.24496192819314544;0.29927575063665357;0.9757545744626503;0.731306028098053;0.5761762855321415;0.25;0.45088837042202573
26;0.36444084141481914;0.7188109530818978;0.6634466683799927;0.14751020585160474;0.20422127791337302;0.2122281090529501;0.4075015803517137;0.779442095848996;0.33977103085869365;0.9721527080229303;0.33502670449039773;0.14078257519373905;0.6859610362838466;0.2797564755096147;0.6224176586359738;0.3543473777397912;0.7053365708986762;0.27858687798843884;0.08487627651375773;0.8198452022504747;0.8686688366168426;0.3710026393367219;0.25;0.4616636701545128
27;0.3723055380564707;0.5304446657037201;0.6826471761567166;0.26977065270477907;0.666067996858836;0.928486512223183;0.3531704166425267;0.3584408594622799;0.21038792479050183;0.49859286949479886;0.2627056504006886;0.8449222371581584;0.242430105952344;0.483803523164279;0.13552096329320587;0.11282453389505687;0.32152838197699274;0.16698085808641205;0.13700824499762065;0.33771340524757587;0.9324099002537387;0.5625463729111533;0.45;0.446738318158996
28;0.49373156424979114;0.5757781235748678;0.5579059444251591;0.890614936284773;0.5939395927572078;0.6971674246135956;0.9355391020635999;0.1562635131047727;0.29113998412703057;0.6464442625723427;0.4075859470495279;0.5023648329521859;0.6170667504373528;0.5215747502357928;0.9424587385894897;0.306062692631313;0.4065344100368026;0.6421922273006888;0.14480056610280656;0.9345725229664426;0.986600309922532;0.14824808971227965;0.75;0.45424606005984175
29;0.37998598482212353;0.870544506053837;0.569815289954134;0.16576121072346248;0.7633482763786745;0.6528640186842563;0.64532177728862;0.3821955017192751;0.1889144876915183;0.7316770854982829;0.09119082644666188;0.6301751974055783;0.6939936381570985;0.10816162114494965;0.03787111731155275;0.9046427736703366;0.5655335822813284;0.1984400922719396;0.9455919838759308;0.8561080938638022;0.2748488291829404;0.06936808713996157;0.35000000000000003;0.46205843219480053
30;0.5184543764598007;0.5912504108323842;0.37907113842727425;0.8609184886277833;0.7304742263823212;0.6955211948216065;0.02006979798287878;0.02412255391388385;0.531405697573351;0.16621687933089901;0.5064184734591574;0.17792989627236555;0.8830825858891791;0.7547153153810973;0.7706743680880157;0.8443499405181427;0.5261284545056575;0.6458180696293265;0.2348698822830585;0.3326598592118044;0.2484639617194363;0.19266315404702;0.10000000000000003;0.47553697733723665
31;0.7375493930814495;0.5792669138017841;0.7361326328034865;0.04100741513662607;0.47141097365843104;0.7945195551734766;0.5745115332616744;0.38427541053132774;0.7919466196369331;0.29382792565417726;0.677892641685952;0.05136318166416631;0.0011865527075001214;0.39566821511832106;0.8425282426123979;0.8529099313664386;0.2205479826115052;0.022700775636947723;0.1875833585865438;0.930242801466479;0.01780136057052023;0.36866287455674857;0.2;0.4416347207733586
32;0.3153573818811105;0.1908764755304193;0.08543388194707979;0.43049881721261385;0.5600370524077722;0.5468450911711372;0.6630168498754418;0.3618099098435237;0.9579723520591517;0.2835912238651601;0.25859498877830256;0.1306152755583394;0.2083422217684185;0.0562798360072696;0.12063908256716332;0.6948028862783566;0.7118902709690204;0.8840974897870986;0.34218927897967344;0.9727640196934197;0.9568937520593787;0.034127919163142284;0.9000000000000001;0.36934593276928995
33;0.7694862436123707;0.4486814977453426;0.6836019313434103;0.7929086050944627;0.01432138953743181;0.30995846638931035;0.8570313272085084;0.5451379862871144;0.42077402651488205;0.06088157097128788;0.2676631014458677;0.35088293223812106;0.8501322579489865;0.38597614395099367;0.36402035692673723;0.7337849875343183;0.13103524671668892;0.7677750437292197;0.31592108589390155;0.2536689584598817;0.12892888743621356;0.962769681540697;0.5;0.4665425804782054
34;0.6341842817850246;0.7966298847800397;0.09990796558551107;0.3278976362182134;0.47569343477657877;0.046144636703983145;0.9818176801144238;0.876435002983617;0.7539375146580174;0.8165713484433491;0.22811195119862038;0.3159676823606409;0.26926356772217264;0.9486323109646149;0.06972602931311024;0.39535824678065445;0.010949065412659997;0.1009399972886389;0.6632037199200206;0.6355061616739357;0.2705077882706002;0.4376966732636604;0.6500000000000001;0.42808162773787245
35;0.15031131827589383;0.21115320476787103;0.2049883214240975;0.6409725731788296;0.24513658882314926;0.8338399197728851;0.9962787606600041;0.9144127323466598;0.9820615328027411;0.13011314537792984;0.010985298478591976;0.049419741046213606;0.5851878608258654;0.2215131904578147;0.6752498467535365;0.9492770493503526;0.46790386476857915;0.6042210275408066;0.6220237193711918;0.07002766212148481;0.3822025973651656;0.3478700062432452;0.3;0.5040822799307905
36;0.49851078921179537;0.36728918557484547;0.18394176605101453;0.7335707761894338;0.6284267369803009;0.3367559318739562;0.46445849549529283;0.702765181811194;0.4362622379046466;0.019071341448953283;0.12782535924208882;0.8958882461030431;0.571416546445608;0.3942683857633069;0.1858372566933933;0.9708327388463491;0.8270184424036228;0.7576583125958347;0.3548507195678359;0.9665710891689339;0.48453904317824936;0.3770988139090839;0.8500000000000001;0.4853366114577487
37;0.15166225865285277;0.19529913264190357;0.031284139502531505;0.6484842946488946;0.23879905528070616;0.9656675396362415;0.2736828838173251;0.0611927019188474;0.10026899678140788;0.2929691385888912;0.8340692354778315;0.7065211582426754;0.5016845821410584;0.6742292210999388;0.07843503820681197;0.8351552383689205;0.08501147723235225;0.9629893425129596;0.4573643737754297;0.3256803292703636;0.21079019331477367;0.335700564404341;0.15000000000000002;0.4512564536902937
38;0.03280345913320204;0.22775499550577805;0.8841909759036939;0.41136983108381975;0.030331208991549927;0.6194403833849853;0.5597252966174844;0.2927246788254865;0.18509278045632227;0.1436636044671915;0.40072534313882346;0.6994465699698189;0.7756821868980853;0.12983842556557512;0.18091621760692858;0.780272550121647;0.16215547062953084;0.6028699484944426;0.6304039483474682;0.996288237711991;0.1625786791232124;0.031641618965327356;0.25;0.5106381332861144
39;0.684152853931458;0.2966032885108918;0.7485832208021732;0.9225037147078439;0.26983883382419427;0.003581052060348236;0.9051524041754868;0.1636562471427545;0.9984811465754979;0.027174903244774895;0.8481794820910459;0.12491786168223484;0.4207291316794617;0.35460895405838144;0.5542975703747337;0.2626311391058964;0.2146139850549902;0.5628166323977832;0.872964951387526;0.36179079128312486;0.5405436878452996;0.2939989883262401;0.5;0.4533109354988081
40;0.30275298287307406;0.7053165970425805;0.9040961987386731;0.18271597428923672;0.295208535100886;0.7228104121592411;0.5225826607157531;0.9337562899369076;0.20003688973120637;0.580399574940386;0.250227311248604;0.8691169917053576;0.11476656113327804;0.28174873318074223;0.6969381353185042;0.873822226833882;0.39713643514993013;0.6722285006065158;0.7115607262648396;0.1678154143642414;0.2799403966066414;0.4891361509595778;0.2;0.4443670259289082
41;0.7601873108398983;0.42566336441044106;0.6078590629488283;0.34023798568154545;0.41578968223695434;0.43347117684999686;0.47519454807844874;0.807467410302606;0.4458289992342379;0.2896203655339681;0.14843375463970343;0.7535019303225914;0.2171866983851229;0.3657435287500288;0.8208661261362614;0.7319664585458856;0.12535399493288418;0.544523669034852;0.6549294429017369;0.2945942624244793;0.4758973639997924;0.13135796916836223;0.6000000000000001;0.447693349263536
42;0.43952956490154305;0.980883058552908;0.5176771268528579;0.6889947360733799;0.47582833093322147;0.6895623080589383;0.6907298192189175;0.5739576763986782;0.14390766287005974;0.8290020628942744;0.04114373193277732;0.2092082907124746;0.7570537988008104;0.6873500240750756;0.38257199906293465;0.16459667711314996;0.8167516327645484;0.579449040427467;0.37415159795022;0.18030093253937496;0.7248422081995234;0.15457163441727045;0.5;0.4590538030631955
43;0.47974981810474826;0.5080784746094815;0.5762718583596986;0.9402626623282787;0.5862065184343791;0.6232916892304234;0.2732147267797629;0.2710905832405974;0.1683284190603267;0.6250253213910196;0.31743524615577634;0.655501351836659;0.3593559527318112;0.8981129895560178;0.7444777868130693;0.8137862298451637;0.45886868966133776;0.9244722212651593;0.4340517062039425;0.5982722193716956;0.7550988858747718;0.8359205568226673;0.3;0.45468847699299053
44;0.06381032679350995;0.044616182359820566;0.7427830540671538;0.3799261809488578;0.8381784010847452;0.7151452433988515;0.1322309708351066;0.14496153232059883;0.037926317288148326;0.10174771252786119;0.3066768539098812;0.42975619927770703;0.180916042904602;0.8995569664339564;0.7493011974516659;0.24277674454591835;0.4178510426729971;0.5841841824492584;0.37330008889058697;0.9184975619724998;0.8706927896798383;0.22183544758775625;0.6500000000000001;0.4601653164137147
45;0.02321462429878096;0.2664843014919518;0.07227387477029357;0.7656632221875199;0.9152834236251636;0.25582843418283147;0.8365221766150137;0.2862419163888097;0.5124603614378263;0.2907968369615098;0.7090390294287551;0.08082590690138258;0.8956460901030054;0.843424135168032;0.24336492355615966;0.7868336034720516;0.6022844591838968;0.5537148984555988;0.9665436978857577;0.841362082989616;0.03609697881389767;0.5190213230425476;0.5;0.6864040488451315
46;0.5635601028582903;0.914229937737328;0.7095690952643874;0.6816951223043489;0.016200220629235394;0.014087285593483337;0.5778499908853518;0.5255949535169744;0.719567108550337;0.38180722914053267;0.7247434261018321;0.35116450342385286;0.11344192528111641;0.7659035189335031;0.9494837060013431;0.18646279903463014;0.05084217958128606;0.13893888853935832;0.4232045721736726;0.06414170024424548;0.20140427684790435;0.860186497357899;0.2;0.44567616223802126
47;0.8536546028773252;0.39935323321681726;0.1744854751335656;0.7973510231656725;0.771016110092729;0.36478218001270274;0.8088230849172637;0.4062979492778569;0.5087143698869876;0.9041699779529556;0.6446106729379165;0.48295376390470657;0.8514339725327837;0.20571404016422168;0.5741344211427756;0.2745898725294529;0.6949387953196416;0.6990222077635373;0.11179111181955831;0.93510023280937;0.9346099771706656;0.38709637325865337;0.9000000000000001;0.5082708332751237
48;0.1299218210238834;0.02092983376977442;0.6528026048958895;0.36725128025698833;0.9157014700681759;0.702422902750928;0.6688875587494152;0.5271326799154945;0.8559146512808504;0.612906453635771;0.1502537305793974;0.6588221456763961;0.28234168358450673;0.8417148358962372;0.21673697872247075;0.6107832821862615;0.3599481236166441;0.446993411760938;0.9332507945244343;0.04267159938304066;0.9107435108985287;0.12385674549620052;0.35000000000000003;0.46678671097205965
49;0.09804757455636648;0.9807494080512975;0.47670878736758193;0.8643493302379792;0.7282662636998728;0.36511926184773613;0.7764203737691819;0.11821189761244333;0.9975316364660756;0.48361578825946727;0.27550116811500236;0.04456571583874047;0.988449331049187;0.9421772745165757;0.870032589205243;0.6585719584465162;0.7475174877017964;0.8398265054315042;0.32429996352054474;0.34980006348436254;0.29179207031161647;0.25718885988190193;0.7;0.6207184657629727
50;0.08823761919534834;0.7518429358855458;0.4881066201662503;0.0013582083620676338;0.3273781576066063;0.21311303682177565;0.3865024960579351;0.4389910879010843;0.8380746734260514;0.4227892453052363;0.763754622041178;0.5547877326733781;0.8846275412168747;0.7851320417853813;0.5691687650803077;0.7093147798112325;0.0746465280051406;0.3723088053245798;0.006845049692204175;0.7971512454581042;0.44031676922611557;0.4782017450609822;0.45;0.542683032101336
51;0.45854417743714293;0.9910742408522331;0.17263976281401106;0.2521708432529757;0.9596265009769632;0.4173622235363012;0.4314729134476647;0.2500630436544826;0.276880735366295;0.7737664882927354;0.6309598612816855;0.18492799912414426;0.33777049144418414;0.4714665117143264;0.4511272879409882;0.1562265854249425;0.062382395929827084;0.6217831789934847;0.012678779959268582;0.5634598033946503;0.6110279752091982;0.36241766582479124;0.5;0.45096477378519434
52;0.9854044456956793;0.8734405820199376;0.17834860480377923;0.13051080344884852;0.2496530119108919;0.9774914483244104;0.595668818153289;0.389424283139977;0.029561469222442183;0.2849531464484548;0.6357356281749283;0.03788693767569473;0.010285264807703864;0.1547375642313673;0.9609434869267305;0.46315401365263487;0.3463786441684791;0.781004576991279;0.7555539103217848;0.25407519447470195;0.40660075909021065;0.10410234838767324;0.55;0.4473896844565252
53;0.2313967027407785;0.23784802423075657;0.623520257447882;0.2160811759241218;0.944463052960772;0.17536744714920427;0.5240957855709134;0.6534572902633351;0.8999704316371162;0.378739549324168;0.7812899714115852;0.28686845206017164;0.7957490143884876;0.2121794776319339;0.6812126317400917;0.9483454796618185;0.44190436547591827;0.44084141042173464;0.001489191487001773;0.10144078671279622;0.15862891858910105;0.5082510536502702;0.6500000000000001;0.5477666340467959
54;0.855474126340512;0.2953810471019578;0.6975021947824978;0.3508411476622307;0.3651896843773216;0.9469516879457734;0.3404844374876126;0.4603558590009662;0.6102472143543896;0.8926837286622632;0.6261437604387251;0.7614563405354162;0.6665591490936746;0.6380359585406463;0.12047296309835033;0.12331382859108508;0.9675017915516811;0.5822107282172919;0.6818777746352358;0.05952800678495529;0.2569084752020128;0.7824558549899983;0.6500000000000001;0.46051104375664564
55;0.6108518869127147;0.42238302299591024;0.8270397093001078;0.28305193954738594;0.7959444315472192;0.182677967916134;0.7613379186325306;0.146653625683431;0.8959161160667395;0.2145971348248139;0.8430359719304973;0.016739838034613985;0.6137073031189915;0.18946943789052106;0.8363955402145968;0.01354119382797947;0.8343251308540668;0.3941873089469552;0.8979631985212755;0.8920486276521491;0.5594849055811034;0.35410564189787247;0.10000000000000003;0.4571554859737317
56;0.014651647947463653;0.310309291527304;0.32143074720207787;0.31752666548035724;0.03398757856769682;0.5192299278337049;0.7533783241901624;0.9412757161788448;0.08664920790210329;0.4767620827059814;0.6067823539527389;0.5255791541271164;0.9284591786776313;0.5381507690620815;0.6638996571427518;0.09671909441588689;0.44345425506032654;0.546816530250285;0.49746332395418164;0.4436177003070134;0.8489088701797425;0.6019330361191935;0.35000000000000003;0.5284952456962295
57;0.506765838191256;0.9338450347793785;0.13110650146895386;0.5686689216348865;0.8475532460164719;0.6653406487156088;0.275460347509072;0.820450311820426;0.8123866674243585;0.3589535244662371;0.21005100317466663;0.7946698462588964;0.9727437639265168;0.47451296693321865;0.8651525176986463;0.18060453579097047;0.3237910044238277;0.5399874212728841;0.15456594847680122;0.6211082652877307;0.14253684131784933;0.7421207651528168;0.5;0.49606559675750617
58;0.9079357656949528;0.47539104189748116;0.1704254974657946;0.29746725848572597;0.4545087614151992;0.34523159749373405;0.38368229879274374;0.9028804104403263;0.9505618937733227;0.4947603501148542;0.5681991621527321;0.8147150246702677;0.6291992409285048;0.941431825575612;0.16660065638447694;0.5433308947003841;0.14665466696971358;0.8111888188868801;0.10800783901996763;0.7257645170318956;0.6911558024874999;0.10281974229036295;0.6500000000000001;0.4659425421420311
59;0.36621080773219294;0.17367153784650924;0.9036310682948046;0.6943428832762402;0.898796203549496;0.5995831071858645;0.9044372099565003;0.8648152623436209;0.7325995451084497;0.09327954523988857;0.6771381195201366;0.36789550033037255;0.38368674056709284;0.06742657238547789;0.31763668623219526;0.40455350027330184;0.6598481078777484;0.4814686370548287;0.2777243470544696;0.37323018390815355;0.9107886684133676;0.5783035208242207;0.6000000000000001;0.4418138134957981
60;0.5992055287727583;0.5257759757567462;0.2916308622858417;0.7999281519662476;0.7496272477773459;0.47927009834998874;0.9520725111152435;0.5735577616528262;0.26216391796531546;0.55267022096492;0.6797208148030051;0.8573362302007081;0.6785159742772359;0.4140563070814123;0.4275024370976569;0.04058078950415034;0.40812758147389705;0.28660201882223135;0.9623589084695459;0.096834383648283;0.08848714614401987;0.4545073872778352;0.2;0.45902546242171677
61;0.4812072474622334;0.44428808838084044;0.00037613959771287675;0.3085586299516946;0.5393937392412295;0.42324320555283235;0.028231394080483252;0.8857950175544445;0.8442499506346066;0.3436586960029032;0.19785948653200514;0.6926545140672309;0.3955429660486338;0.008745504336077126;0.7216838648654191;0.4359473995685246;0.6795188775527842;0.9288110071419919;0.5980153973112512;0.5159470573133136;0.9587162804872754;0.9928424767192041;0.8;0.5418118131638443
62;0.9206904925001137;0.11171946860480164;0.8641298372468558;0.7593468302470411;0.34149904204017384;0.19266763680960544;0.08790759762979872;0.9953022207230564;0.5774734481537926;0.7129186538746192;0.7793842606243885;0.890588087373384;0.15166542970607272;0.968229637881171;0.6717708104127498;0.013263912788586296;0.2564652450802144;0.5136319183261047;0.7542164844324497;0.8809467822610995;0.23393193258008294;0.19234314979273354;0.6500000000000001;0.46292560551750267
63;0.03195799205086569;0.03183500121471505;0.6864452462941077;0.8506549847921641;0.282839829212516;0.16802303179437025;0.8416315409500459;0.25194379347116924;0.07968641642308438;0.4904829908557161;0.2844995589065943;0.03412738032658047;0.19683927476516438;0.6752647172082931;0.6638976678330324;0.002151770919828877;0.005187392466212581;0.9797092935026495;0.2488609661601328;0.9952622711092765;0.7563412346498368;0.5698071883831606;0.8;0.42864604279918506
64;0.5700168285679182;0.46771839753068867;0.007747898198600001;0.9155469670302593;0.34154984247794473;0.002314366401946246;0.727511063567954;0.6550535475855759;0.34201364944734514;0.12797263658799707;0.5419224197760589;0.8322212336685579;0.4300629354429221;0.6113475739401482;0.40006110719873517;0.8034135023740339;0.961176983736412;0.7358415780365797;0.8997208079992338;0.8885424208761135;0.47493059923268743;0.43127274489168094;0.4000000000000001;0.47583779154663247
65;0.511479043459156;0.7490284922816186;0.9012383490727915;0.9850716475941459;0.7974587877868813;0.8134657348100642;0.3829358628742132;0.27508975863881635;0.25247709690537645;0.6317330228799919;0.600573302006807;0.11643456480199699;0.1489222461337959;0.28217963649241984;0.8296266615044715;0.0830013137638348;0.2935333507171036;0.9517165527552378;0.6549263569630663;0.8430946362746752;0.9363858100040996;0.5925690465711133;0.35000000000000003;0.4457178771421695
66;0.5496458236848053;0.637513785379719;0.5952014447822527;0.9529284439587524;0.4390640788450971;0.6954310454995918;0.5775463120290827;0.7489806588224059;0.49083567318126287;0.6703120108171857;0.5791861975779561;0.5328511638356246;0.4554717623622283;0.8573927837631476;0.9733417507894556;0.3305117472070682;0.7284474555388688;0.20045077287906854;0.12694804581734592;0.5386265571820623;0.9590774898488943;0.6631748052977369;0.35000000000000003;0.4562630136522478
67;0.2511375314457246;0.5212336398578923;0.13155056209389193;0.6528397996784108;0.6061873122712007;0.9368261259133387;0.1643811472014194;0.08585261119361154;0.35159123694912564;0.8200231258584044;0.4949140440084562;0.656223539047311;0.34755739712981215;0.2022569383831616;0.8605390034499129;0.1926545733621392;0.9051320290222157;0.4461305284779489;0.8037600684220638;0.7422726613998447;0.674930635461145;0.3588701519604944;0.15000000000000002;0.4663106034218673
68;0.37415304501119595;0.22560913828939277;0.3201930700798825;0.6212044047814889;0.9264795135878375;0.6426435356937911;0.39467435719891286;0.27864257043460605;0.34406278600586826;0.8094560575907007;0.8084856097797076;0.7041405039322675;0.43169437253967285;0.30751262564277315;0.042590605143797845;0.06410948473058298;0.6423502565220546;0.7128137874390132;0.08264079357695203;0.09279793336567943;0.3264537642571185;0.7913447809248766;0.4000000000000001;0.45014614324584723
69;0.6257824314666823;0.12825454259108215;0.8679104329433991;0.007794879898156927;0.22181628262264297;0.09249531476519546;0.8511973287634012;0.7298891957562348;0.7573980066045614;0.15532068280686384;0.4127063558198846;0.6839817818722589;0.4272304905665983;0.2859935464271288;0.31562142561334816;0.8935259076638706;0.8522620140599023;0.846745382299432;0.35590984007587345;0.3817570228413394;0.9569165778501741;0.5058013162934749;0.35000000000000003;0.4245247693030364
70;0.4288427624281065;0.8851425925943137;0.8625413269408462;0.3820201918138283;0.16140952784387536;0.029458156641821682;0.0045359710451557955;0.7198080420582049;0.6944110499580969;0.5923030986449677;0.30714856111660016;0.464919033340105;0.4929497232318425;0.05856897210285972;0.6348483069894407;0.587621355600632;0.7159757221901019;0.5487793147809101;0.9819755956780148;0.5947041927860357;0.4928653107943595;0.8581949531493485;0.04999999999999999;0.4556272612255215
71;0.6153604546914363;0.7781165722388284;0.3267284946588287;0.8192884012732573;0.2303790325468585;0.24605225304373066;0.12265331610263086;0.35927470975652853;0.7104758177648876;0.5568818356928878;0.2700653927018092;0.43909325714398517;0.993908760127114;0.3832405430610981;0.0916491681839709;0.5440539639074897;0.26499892914120393;0.7528610136149219;0.7074220140527043;0.5915829627195626;0.822671990376701;0.5501154153495171;0.7;0.4820755276207759
72;0.2591228992694333;0.6399341287596794;0.8329783718986248;0.9749417743529258;0.4742096767051353;0.36532852651564196;0.6039041545524633;0.8346805254182466;0.21017070331960497;0.7270554575828881;0.3350329956831558;0.24719484417486337;0.36191088043407593;0.061090410986981425;0.4943466751440566;0.016675483877383712;0.17092346259049718;0.13754097093369566;0.22288865345147618;0.6195029684139681;0.51219380701427;0.21741416061305258;0.8500000000000001;0.450111818696137
73;0.5548707612101219;0.5987348957335903;0.5030544815961664;0.9488119013650276;0.4368055704418571;0.797254233464435;0.9843316941954952;0.012963173280083451;0.9869296706750672;0.9079598445543017;0.18653668628425835;0.5040880272616293;0.33061001908230575;0.154882693287421;0.5739439554473537;0.08265948409979806;0.9047320200833738;0.7120271892842505;0.7876266464783168;0.11209593011392527;0.10657083815627177;0.005500000215366618;0.25;0.45176024776925017
74;0.72973861916675;0.4829633133461657;0.7706535262062764;0.7361851528377401;0.5364983252330658;0.45404150646074504;0.030777846611298898;0.6344331693778915;0.2781063806203463;0.5997967914597483;0.21545729054269624;0.7052640839466233;0.3762064242406441;0.9711556054640385;0.4165177323906567;0.29023336398374244;0.537772947862783;0.3392403824572672;0.4173707902181828;0.33062378922740754;0.22583903164321073;0.17306942100402567;0.15000000000000002;0.4518041327130989
75;0.16373515292978158;0.8617934263961842;0.5969806875437613;0.05488018507931147;0.31815695451110626;0.9074759729965828;0.4658477492539437;0.6661518887742868;0.06106892857685042;0.3956528410431227;0.4256726307551201;0.7733633804524025;0.3714412595803904;0.7324921687169619;0.9042749774135818;0.7688781255414305;0.30774395032068325;0.9561506246110572;0.696176369716371;0.8767764627097498;0.19773693390288505;0.07416140211636085;0.35000000000000003;0.4982042133841994
76;0.42179274795471755;0.24985302691657263;0.7728560675765261;0.6892003012215546;0.8286040317328118;0.9472306915152592;0.8743918587536899;0.9395174690048032;0.399160692491038;0.38080130409895097;0.40880875328675914;0.6069541726204877;0.2816264839458378;0.30797788873414955;0.9806545888266459;0.9145288963308067;0.7355042923037144;0.8824623153324533;0.9505412334561598;0.19783931828162893;0.9506696253159478;0.4882145413335642;0.10000000000000003;0.5626902706612352
77;0.9677994152825814;0.6848790934396318;0.4263500933396598;0.4569608316275527;0.041201635612325385;0.11801063229282707;0.9433764044678004;0.8299422922177511;0.48568252325258365;0.46757055141372905;0.9850338321882698;0.39926806710464735;0.474714275421165;0.34339424038552924;0.20972891904624888;0.5670406694547445;0.4784346635807224;0.3925224918799006;0.05704608669891337;0.05923559797249833;0.18667719658111503;0.4767040953671838;0.6000000000000001;0.4519367368828447
78;0.622646664101313;0.46090000632982964;0.327090852051517;0.04162077131805016;0.9606727116224454;0.9943144380617007;0.7977123247235334;0.7731491763730356;0.8050567942487821;0.24720136927666625;0.9136813405189325;0.5375779978780042;0.004320977366645551;0.4022533369555985;0.4902696710211745;0.33959089680818977;0.2907901594016151;0.13935629211724576;0.8893751979090423;0.5402740690551211;0.45578411981180006;0.33333118585587224;0.45;0.4409544944701466
79;0.5059383200502664;0.5711344373339475;0.525775118763653;0.3154209203954947;0.4721064096862475;0.8053168859775661;0.5358756637038662;0.3515468839218234;0.8037037513650556;0.8936437696259184;0.5648552767847937;0.29004444326353696;0.9960617914703247;0.714111045381169;0.07638878170246181;0.5068880982562041;0.9907028860278994;0.15204710022379175;0.029710594692419656;0.2923976621939117;0.6879699017477858;0.8222961948915206;0.45;0.4675195291255841
80;0.20540684893995198;0.1647870787023613;0.9881665327344449;0.05293040281304912;0.7662563005071467;0.9198794112444326;0.47048721171756336;0.43489604572857865;0.6788931475035567;0.1709667230988111;0.6386156300466949;0.8212030375074235;0.7750905072984766;0.10834867605196585;0.6439221567758483;0.23286647034258579;0.48312274662547616;0.269180166514863;0.6527734660757902;0.5985500813878801;0.49420817211823076;0.5383382522169899;0.7;0.5174120334395427
81;0.6324678433132432;0.8986725447468491;0.38822653796941786;0.4260730507533379;0.15928613725227292;0.13432504162692457;0.15063366412134083;0.48393983425981535;0.7523859186866786;0.8043927610237261;0.032797054693219696;0.32038684747383483;0.12736753202592072;0.644966705665901;0.9927257746879847;0.6442263117201845;0.4740006990791997;0.6327398167414424;0.3574564126995336;0.8929584541123579;0.6059019306806643;0.21440093603629568;0.6500000000000001;0.4521994121347008
82;0.37695647220929407;0.9213622259157828;0.648476630252036;0.4551027880595858;0.21844164911811884;0.2691572084640536;0.42745079527434093;0.5518539885921117;0.2874109342853639;0.552647061689879;0.5662472099345933;0.4939878345127433;0.3986302489747624;0.5034230155775976;0.45147382923318563;0.011676571318467666;0.5042788330506172;0.016777491380965737;0.4376909070649431;0.11452968331032776;0.5282585406477663;0.31180998973529866;0.04999999999999999;0.4521266148082856
83;0.5165530971869449;0.5879003971112906;0.4903986878942215;0.6249539953760043;0.1787724364902024;0.9658104903447798;0.5604769400292049;0.5868616817293795;0.011269149781595322;0.1367545137260816;0.7325347628528901;0.6085367620248552;0.5047117853880843;0.5108101218769185;0.6792233257457397;0.5859328062903684;0.763638897724693;0.7677324794765865;0.5843966745194735;0.9899833766239949;0.3249342016591731;0.3559634680323623;0.3;0.4561549790760853
84;0.5940935608458654;0.140803044681846;0.022526367076040388;0.6210627051937826;0.8531780744649351;0.8761807853834959;0.8672027702757423;0.7280425566148769;0.6442040880653421;0.08580947178427267;0.5654082702998303;0.1319306379659394;0.3738623281557375;0.6004275426312109;0.3572055555232753;0.694928954398442;0.9433557066212618;0.7269338447177955;0.8117679926580839;0.49215330283861647;0.9467620541708747;0.35755545663603333;0.6000000000000001;0.5234406785770233
85;0.4308441459899678;0.674052053321111;0.34679703175718446;0.943862541618226;0.301166159432338;0.03102843141344783;0.28357412854665154;0.8563413220641711;0.44028825613614386;0.484161355827457;0.15624780627540458;0.3447687400861019;0.6030159477368444;0.8033113822659974;0.9254628637798945;0.9393132780709497;0.37888703989655026;0.812019824848047;0.8578901000056005;0.11943512434289416;0.3938701629857435;0.8250571294390965;0.5;0.5001056022283092
86;0.6300049561243711;0.6321574583585847;0.6306218686252236;0.7823265348140743;0.6486506211540835;0.07576467460171617;0.49415892745734435;0.6106635756443048;0.8396901037198188;0.12019786264213494;0.028121400653963513;0.4453632012399198;0.7846424768518727;0.5343696775668221;0.19088148816147432;0.6368577348983315;0.8317384293244899;0.1600528551849285;0.2176169933622703;0.2556796433790718;0.0736308806930166;0.6327782000102371;1.0000000000000002;0.4586037913839794
87;0.12391699466275086;0.008456347919473806;0.5666920179393518;0.0074478521842978995;0.12197983253028213;0.013036009475520104;0.9598927693751169;0.6683877864515118;0.4010238679238447;0.5729679487778189;0.5546263584926777;0.9529860940636803;0.3088833956945215;0.5997237457321436;0.11397780027396907;0.835500566549138;0.08047933356144887;0.22455171666358376;0.255453427557948;0.4110057518784034;0.9461289758479918;0.5030677044578489;0.8500000000000001;0.402148316413337
88;0.14081828268539576;0.40494337504123945;0.1880048408382784;0.17516119863040333;0.026151372273478645;0.9593824088502518;0.7914180920066001;0.12908864560597344;0.5067036774389093;0.17625681459560993;0.7283022257856725;0.5591813286014757;0.7738699263585269;0.0819581840871102;0.0683157051139918;0.9982159914429847;0.015083695159802735;0.8723807095096663;0.9395425410475828;0.6577370582572937;0.8797967579443129;0.9636222796075502;1.0000000000000002;0.6088896491778302
89;0.8819983659231648;0.03713373240033602;0.7177604636282104;0.32455209226779913;0.13713717339256382;0.031127127025671636;0.13156645549472445;0.04483400956183692;0.4258725971502537;0.8181962254020453;0.4275889536808627;0.5569729931631844;0.6025058083037926;0.9339750846916912;0.8378758762880192;0.5468034637435419;0.5952345458763559;0.7766739145788439;0.23160294611542753;0.10924138339621736;0.6096055565654482;0.1333454332473486;0.10000000000000003;0.4796209895932178
90;0.3401079759510225;0.7535421690299109;0.012162499540740335;0.22633546244363648;0.2403692834803079;0.5386249765321609;0.024565425973364752;0.27159678720838043;0.3060070761927114;0.006586275136990283;0.33462015094344577;0.08382980788651007;0.1380276917960519;0.30839161890807265;0.6348302187996611;0.03911550354745419;0.6971618360612047;0.7409691874643602;0.363836496137969;0.572151411024012;0.3751364346591892;0.09301970740530235;0.2;0.44414413911246314
91;0.46581012542822864;0.06424066760780867;0.17720889183890987;0.32557652566008866;0.3443078005868034;0.8810633280588835;0.702205117440492;0.9441142373389724;0.3776512862743089;0.6482083890204317;0.007012267291753749;0.5237724815928333;0.5710109764810032;0.12497368295452471;0.8047927257224422;0.5778083283192252;0.8889565701181382;0.5503518610270224;0.7969526222918688;0.9610108276341591;0.40130642499523905;0.656086325706773;0.75;0.5631666897104526
92;0.6998464853053646;0.23841159365584308;0.9604060635182812;0.737558045854926;0.5344414860880753;0.36827197494172054;0.6110749215764375;0.09745477262615654;0.5463529915095879;0.24577434059877357;0.6076523975052693;0.7179279174430184;0.16209497747899027;0.06315957687845053;0.2130477819612463;0.6622790379697223;0.4535510358012299;0.43563089462523497;0.017553541862476485;0.747857815795731;0.6038017996026128;0.627967816662576;0.35000000000000003;0.4313631557138242
93;0.06381749612548582;0.9141424599235743;0.892371032866295;0.16315992523448103;0.4748803320770314;0.0217987988744876;0.13490296758440778;0.43627292687257335;0.4773629598697964;0.5781971201073383;0.7680364110916075;0.25479507698009085;0.0871650233673012;0.38390268605565225;0.14350484551097553;0.11375217619301292;0.6387397941461708;0.27797083533321354;0.09456312740638456;0.22623067947711584;0.766576108670389;0.9307411753024626;0.2;0.4208723516186969
94;0.6426960651199695;0.5146485149108113;0.6759087284333762;0.8880733398326595;0.3434013438813842;0.5253795543082974;0.5059332162546255;0.30767052416563256;0.8965870779718603;0.3837612990839957;0.5830598148804848;0.024166972402361764;0.8234162966087653;0.6420713013229093;0.2051112413101076;0.7708891935259956;0.5858423274987049;0.139699173095583;0.8430520631008755;0.8426768178640114;0.41144920050292855;0.578621434256577;0.45;0.46168774156383824
95;0.1258816207298833;0.2783761078672078;0.31004555759862096;0.32187780399612886;0.3788140145900613;0.46988653153864735;0.6485121200781303;0.7989714311704088;0.13372644723434335;0.5902776639726702;0.3355268631623346;0.24968907519791206;0.2347829076302505;0.24264343284257706;0.8710278503574981;0.551853540413525;0.4121079575423282;0.9714294334344808;0.7794937731583061;0.48731620553179567;0.32008944455949845;0.5857973414035014;0.75;0.4886181710769775
96;0.5070812678434048;0.5087207012840189;0.08653053140023259;0.9235247343310964;0.6308781294671325;0.16717126519618322;0.004938553622224839;0.1131616117100156;0.5149273102910694;0.6097102310650137;0.03335581552300737;0.20351384607696887;0.5382509291081157;0.14350722621156908;0.3063218920851503;0.4878945277345208;0.3923969831067383;0.5565992819900547;0.9719176204969998;0.45211579722200446;0.9049165192941839;0.4336284381025833;0.45;0.5029213923354358
97;0.8595955730099673;0.31371279394754215;0.6143679294137936;0.34638872111496316;0.7910607955162202;0.9899566533445759;0.000517342539547494;0.8811512448288878;0.24064002454298938;0.8502161357865244;0.9452018479392897;0.9628644576231302;0.9593873923505862;0.16834922539306962;0.3327984635808525;0.7196606795818425;0.24894584565111255;0.5240300328553513;0.2014275705025111;0.039141929326368174;0.866087576723613;0.9716510390727249;0.6000000000000001;0.46583703676392396
98;0.43317790557506586;0.6359862999192689;0.1809936500901297;0.8321952585142477;0.07928431256600173;0.877029142871967;0.32311555709636797;0.6592270174891892;0.30757618198066594;0.5351765992489704;0.05660595307555927;0.1816260350012021;0.6031625478349284;0.314484001751163;0.20363594184106656;0.8186364566306947;0.043398380319842667;0.35330445698239843;0.05975333780681952;0.1503580257647812;0.5144091301512878;0.8971819131376875;0.45;0.47046357723468035
99;0.34693434228453224;0.3195450523923742;0.05959787365587177;0.8369390726706837;0.7229716821019567;0.9280859420643217;0.4209049241741314;0.41653104710063404;0.18118893745692977;0.7035048013652737;0.5612760756615839;0.10556908335341408;0.7104034646612625;0.6100662680601285;0.15776105247418415;0.770912459846012;0.06815606432018512;0.4276401446737561;0.9439130395241875;0.6995365031868637;0.9175242464457464;0.9028679895197662;0.6500000000000001;0.5145084317069429
100;0.7296359174151715;0.40517644245744533;0.04530903324656044;0.7053939055847227;0.15802870336632577;0.6858374321742579;0.7760794638744255;0.7331186923481423;0.8340597477253213;0.806352448836494;0.28833743748443164;0.3827956130043919;0.5126498849342824;0.01968550927222701;0.04008957204152297;0.8121936096342823;0.12851882982712448;0.478125953223588;0.7618495916844935;0.5536648311166865;0.8866710057524222;0.8607738339177031;0.3;0.47566276253877543
101;0.4932325347857608;0.20856994823814268;0.8856382066173962;0.582392133475842;0.9915977017495081;0.7227178823743291;0.431761900681803;0.6776607566809503;0.22269189020587055;0.0467766737244828;0.4587801099424905;0.3299828621449502;0.5454604188885422;0.8754295130204683;0.2992285090896562;0.1325722630600339;0.033759431586577016;0.4051094472333352;0.9772841926416802;0.7760069096662987;0.6451118029077331;0.13329461928955666;0.2;0.45575336652309173
102;0.6154462990133739;0.8153936846767522;0.22140987528959943;0.1556738892215805;0.7464948515174493;0.9741024216680949;0.49682331948775404;0.27239022222902554;0.10344503267184879;0.5430181999481728;0.2718864480630292;0.5521108593582751;0.8147377636792794;0.5656149074011436;0.8122767314743868;0.8185168821626858;0.7477760584359953;0.7872829802747789;0.05387726866609094;0.6897231810560245;0.608328095989054;0.028065889715220227;0.75;0.5907528630915874
103;0.9326658915921605;0.8864207166692959;0.25443577546940577;0.7540985028429957;0.15287025798230244;0.7281853432472384;0.8311656805692615;0.9635306254026801;0.10727090758054358;0.5159608672896444;0.4325709399121277;0.2405403983237937;0.7551034183293163;0.7361527818894267;0.829669443770666;0.30028154528963036;0.4846698720423773;0.7869565427343903;0.1598802398750842;0.12558437303469638;0.7258684230269992;0.9058280844021056;0.15000000000000002;0.46138724724193103
104;0.4844906678622668;0.5669579825588198;0.2214837879927396;0.5865927280831617;0.22950792469087494;0.9887241994131909;0.4809144408155632;0.9095661023378612;0.28874457304009393;0.5912477615929471;0.06150451557624659;0.4197640834404186;0.26925435274178394;0.49205828805749885;0.22000359897420835;0.39013552650967487;0.5436963171579735;0.036127157507976904;0.0642598662481445;0.03186559659155952;0.2722794250291052;0.7719842876827543;0.25;0.44200181783519876
105;0.05717132095808741;0.08236385388218503;0.918108609475297;0.48700083315894804;0.5692077214240244;0.9027668413621877;0.6595971012480542;0.11443541437180738;0.7699455294620194;0.44845779494286175;0.00894786613407772;0.1799699494410325;0.18714024550553665;0.9313865975080526;0.14159205622882298;0.28644115079581045;0.44383936096396137;0.6492911410014142;0.7696623441530539;0.5437924430977075;0.6263564222571266;0.45834367252150016;0.8500000000000001;0.4024165644404867
106;0.5604133319001302;0.8082239032792538;0.2646657055087782;0.3968203274131496;0.6161842943453085;0.08945642896220059;0.6332847552558021;0.10861317071307486;0.1643115897339784;0.6616234157352457;0.24120719465404505;0.49973505115960104;0.504228766095406;0.3114002298007881;0.5017232167271932;0.022026605233447683;0.15873640589892585;0.9712904581647432;0.4719669210098842;0.7296073047945171;0.6291473149990576;0.44740793343288515;0.8500000000000001;0.453633274293415
107;0.03286215862083297;0.45874956234550446;0.4021037413492137;0.7496861656137469;0.6204208458710947;0.3825742300252826;0.2116356568813298;0.6349560608103286;0.3576939784780442;0.5026286338305624;0.307419391143943;0.8320385587781889;0.6787778489417586;0.3045412611666185;0.5059462986753885;0.8322641331452756;0.9194908389477042;0.5183503915297971;0.4183941418704682;0.614732603644476;0.13665990287110502;0.722113633307994;0.15000000000000002;0.48175340398503247
108;0.6373635061241553;0.9750415744180778;0.9421176446264221;0.6272640087400226;0.610925750776225;0.5725019624220399;0.405596191513935;0.08610921705148056;0.2318026260985655;0.15439268381527826;0.11593141182583111;0.8183110903046533;0.9380717797193052;0.21407994965712795;0.33977110870117605;0.04118755458520784;0.8586285996407513;0.9970869037790986;0.3258707198078376;0.27662740254189155;0.9526757472723879;0.7670748319720149;0.10000000000000003;0.4605678344805111
109;0.8229451861254596;0.7174859731933114;0.6527912492567403;0.13902546846978828;0.5524765430178837;0.21125630416727065;0.9543379215294099;0.6916750320833234;0.7647405821038913;0.21075765178293615;0.5400942508500305;0.5854892706318742;0.7746452880984285;0.6783040957663307;0.75531153308727;0.8916922917027712;0.7349120158636425;0.6775974628416002;0.09570643625152742;0.816696188496955;0.9520974828849191;0.9537070977106406;0.8500000000000001;0.4611735628969033
110;0.5678742013430044;0.6181839634176378;0.5797197518970265;0.477162108176568;0.5597659869752525;0.617645716923307;0.7680920922545063;0.02133346929794988;0.11917122147783976;0.8108077963888659;0.8019121101083756;0.8144489791294922;0.9097788478746895;0.9581350664373876;0.4334759760913918;0.6019134018740004;0.904672771158629;0.6075071698246295;0.8655116812045336;0.5006575269262261;0.27746469703185805;0.0727381796296121;0.6000000000000001;0.46133553808468797
111;0.5651257287788259;0.3628840718030051;0.10331715188127688;0.10539373440732688;0.5909591251639441;0.5990298875154069;0.23027830836199437;0.6447468672451593;0.08491597168131038;0.8569886998235386;0.052576651337246094;0.0016088310460865562;0.5208427163594062;0.9727572796072641;0.7340953600592257;0.6509876545396738;0.9224392869302757;0.7746637666884406;0.15243945593918662;0.8772769541785623;0.9966479214683234;0.4493401225130848;0.25;0.47978234592823965
112;0.8455321683786013;0.9335579040374606;0.3014358601733651;0.07568301513752443;0.1910339130494041;0.20918842324305842;0.3214789318112994;0.1688427387244973;0.014593006764483718;0.08658748195441224;0.09201079564393;0.7953229311006071;0.1142779976717922;0.45644789703929955;0.5122515448203047;0.2198302828777523;0.20286788199916095;0.957429520075455;0.7155164791476583;0.019725986135068707;0.8888927759716047;0.5591325943504051;0.75;0.4483820314148749
113;0.912633217152136;0.629156773349703;0.17057754735982722;0.9565201229386745;0.9430730810293075;0.7259938235388351;0.811816588375555;0.8037517746543055;0.2577856437790216;0.12502768840276424;0.3691250735458934;0.45272008065552827;0.17183704785425652;0.28952254963395596;0.5233464261795248;0.6659352891239196;0.8433869380819629;0.9150229683563595;0.1382692977465766;0.8494737195978532;0.7634369645267818;0.8732189401504917;0.25;0.4214991457602955
114;0.6198157642428664;0.19453950892242622;0.4101878257918443;0.5548329417940623;0.949572023180378;0.9198476796553854;0.5805014449750532;0.06033795178118395;0.3888031595863839;0.28113760221686257;0.7335963064013363;0.670281024921836;0.44652750327987656;0.020455549341791723;0.25266919147385214;0.14351325796442538;0.3660151565134675;0.6702484181491379;0.952360728879995;0.7161519173134294;0.202776568438291;0.9581641330837034;0.35000000000000003;0.45934837113305016
115;0.3404130595251157;0.9303083815125477;0.6795226594267898;0.29149351517248046;0.8721301604846343;0.10470262140364718;0.5606347601815473;0.6709930016193066;0.5507623169588935;0.7506404114886619;0.415564290553058;0.1097879616392714;0.7619802011706254;0.5328846214108918;0.17116033773289685;0.17545365547517555;0.4492710460470871;0.1715603667305745;0.07823279631217295;0.13351235698026476;0.6772840453658124;0.198661860461547;0.3;0.4578059055703242
116;0.07681733575987915;0.6454795135078601;0.5907176427730831;0.7715094383398393;0.7722545431164491;0.17922469344166422;0.3092899346099982;0.9958779363909789;0.06977382061551762;0.8110949638554749;0.6358574919780272;0.7554333556681758;0.6245254167520164;0.27004903704059835;0.6283540317175711;0.4090018945594309;0.6288803527625347;0.9196162941077621;0.1649443416012944;0.9505581994417682;0.8281681165136209;0.9007202231945424;0.10000000000000003;0.43832617190431494
117;0.49068897957361923;0.6106292660422672;0.1948540849730187;0.4947941172330016;0.5030895306984204;0.5445911415880772;0.22891598008591485;0.029587136068421227;0.6027040717799848;0.12454619546547119;0.17701665502849606;0.5214102048140528;0.6460150886235102;0.28141209888882557;0.333194036794148;0.9783697045184576;0.23633153881461455;0.2987046219820917;0.9247885998133267;0.9156069274281144;0.24147161146857382;0.4696939293974843;0.8;0.5271722618301518
118;0.5466350502417247;0.9054052635044436;0.8209185643838302;0.7625587026247883;0.44935274771685696;0.2138957523007956;0.30128458379735745;0.1757844944492919;0.10002761444578634;0.5123511231571783;0.16094234460332835;0.07255576293681121;0.16087988063748027;0.5773995989083742;0.6844316869072548;0.30798702367799713;0.09125474070909739;0.6308427836108532;0.13227648587423058;0.47449987172378894;0.8408577493155325;0.4631104638617675;0.75;0.4444335185815161
119;0.982338669655506;0.12758953295122333;0.29568596866102337;0.9412473188618378;0.9286132511836221;0.6518532737655457;0.5893892956849509;0.6821708718298374;0.7820334487369869;0.7246043384569404;0.14752151958246518;0.648259138848716;0.6751917449570961;0.9631180177360736;0.009037586327974254;0.0679762666511241;0.9570374459155541;0.301418642335197;0.47022896850024976;0.18138415221042647;0.17231390683711834;0.6673457640768452;0.6000000000000001;0.46623268827806225
120;0.9907175572498658;0.8335333306959549;0.28476360913001475;0.10919417949687184;0.29160196292708945;0.6222524649043701;0.5837270169240112;0.5090855147179698;0.1691715440650814;0.6349828461825419;0.153668752992428;0.272666247373508;0.44135810743255205;0.9475643926949449;0.3754400126555117;0.013360467737257409;0.9291804125520916;0.09504120123821913;0.6258160618595523;0.309222326855612;0.9556515476393497;0.5519013316451855;0.4000000000000001;0.4565180140516187
121;0.7728807514050818;0.6378991400109115;0.36592626573862375;0.5121094513642227;0.9462064998824153;0.12337172158512366;0.06984619701211625;0.575162289132793;0.11902669308028058;0.5402888291153723;0.3767179671712072;0.6611767371701138;0.43298622440758483;0.5252667047688195;0.6965206452392776;0.35132951149148717;0.8435921439919288;0.14706408706539542;0.5215252487734793;0.6904679170480372;0.425311108885881;0.46546173933823204;0.15000000000000002;0.45723398195847575
122;0.8600607497787452;0.5226650639620896;0.8059449741843827;0.15895221065326673;0.4717901368792903;0.45685935473531697;0.9400360483419565;0.8261400932569392;0.8493722611764007;0.36490958493851655;0.524319804469766;0.3291328481021095;0.3138002268527093;0.8721337239021247;0.3264695827414576;0.6887628226624924;0.030293287532592583;0.7323727693296194;0.20701558144777243;0.8479504550321593;0.09932485657310874;0.7878661961975844;0.55;0.4408628754726011
123;0.9424538402332628;0.48809438070114775;0.23265992179761574;0.7437118686282355;0.782224485609468;0.162157528840274;0.21399025079694534;0.8500333603075203;0.5058659624934487;0.4341359684972551;0.4786995848079595;0.04015274580202788;0.9894453051658639;0.14026134392001044;0.9644207351239428;0.06848639156741854;0.9198520261410722;0.2962341178994963;0.5455359182329724;0.24605027379683997;0.17899073842351043;0.8285375363014009;0.8500000000000001;0.4940876577279923
124;0.3827187506074311;0.47919642016108077;0.5171224826241556;0.45830119116036383;0.49123166180821165;0.9580953844833269;0.9938660517163769;0.694127854693831;0.8634912404827979;0.21830014424922572;0.7109523357485278;0.6885831804015319;0.670859033845651;0.23912943558396105;0.7131488330276607;0.5826776458365135;0.36215241588915514;0.8949863067354311;0.4613446604993188;0.785989970963022;0.6353809281966498;0.6758953230699978;0.6000000000000001;0.47254782959333397
125;0.33702408752213364;0.5485012488479202;0.06587368735055987;0.6638859222900135;0.28716386368077385;0.5517159550496806;0.3356079132444467;0.8121994054944941;0.8499415793457374;0.5538016376767047;0.6201553281894273;0.6495861858886576;0.2645151878397308;0.26510151095556456;0.7038574457972694;0.9428952417521961;0.5205960510002153;0.8218548759592146;0.5030505656266677;0.16149285488366139;0.5119996588043;0.36626751859355794;0.45;0.46411007021467104
126;0.29355962172701033;0.829357592574218;0.20670334144780678;0.7135567097846074;0.1833831369910749;0.35106375906609344;0.9098003039608609;0.4253559517329082;0.29420929637664117;0.918974008882962;0.1129310158033966;0.1801084848189427;0.9311324748030068;0.15922389664260628;0.13475094257215162;0.37372110607246967;0.044581782550066784;0.5278822807236545;0.8586591641647336;0.38918850324227017;0.4486326716849911;0.2767708144728131;0.3;0.48473673177745824
127;0.9520912585142692;0.9407487058706745;0.9641360412647499;0.13232951626239844;0.3022737331211668;0.8542678872715551;0.8345285388585337;0.08045843620730952;0.8381602266825052;0.04170921358245516;0.27173511204752243;0.7723617497944573;0.37040617779288776;0.26908054965058614;0.9319011673641022;0.5147523174505464;0.7716857846925548;0.9309879358800366;0.15158597526882067;0.08500390716451811;0.7940563225880305;0.6582965396210243;0.3;0.4512569069521225
128;0.8907229418857024;0.3438262824328915;0.02674060560211189;0.13827750194085164;0.2507340237875887;0.7488885862273724;0.3959802109726509;0.525086346267432;0.3989730535857068;0.4349113350463697;0.44017645736752586;0.7581181019414867;0.7768984017934579;0.856721240921547;0.9081848385417255;0.6166793972049804;0.2586609985151871;0.1383884547917591;0.6380699038264216;0.6530428677755438;0.45968065245324596;0.2263867929996518;0.5;0.5822861697963029
129;0.7643450549300365;0.10464029100817751;0.11268175716524809;0.013128791809851085;0.08697309593672348;0.45820044895139006;0.434552943342559;0.7143610926622515;0.07341186523186627;0.29705312747100876;0.23257616714358165;0.8642933066788916;0.7885044686601284;0.2755321332171228;0.7159902499683792;0.7909749446394816;0.5228417457150205;0.33741213730518305;0.3943596449783795;0.32238859402500486;0.44217900320511055;0.3210643922746083;0.8500000000000001;0.6204455544730341
130;0.15500065976387611;0.6580317250598802;0.8635029976773134;0.3143078333164885;0.8929254120967057;0.9466155784124864;0.033637228365215766;0.1380501191339516;0.7357591952899554;0.040051533277656315;0.022762511905179417;0.26241238291874713;0.3479285807680825;0.9819688363312826;0.46102481951934027;0.16340789640349307;0.6608472156653824;0.9644198494368377;0.06253624260810753;0.783308641901814;0.11967937343968887;0.8701083191278316;0.8500000000000001;0.44372280081546484
131;0.34741296830286406;0.11522741382658397;0.31563020095234284;0.06532003888703422;0.5282835811017241;0.8788854829736109;0.4041217612715433;0.2859557330755267;0.7082538191483085;0.3551060313970139;0.2234747917151969;0.14390106669903213;0.570058195285695;0.9476559296774925;0.03336026485542949;0.7657419109123129;0.013135330526005407;0.6823516695097696;0.6529234710073781;0.7870833099218177;0.9894838655589497;0.5426722736860758;0.35000000000000003;0.46636862915307475
132;0.2787698127988615;0.18447132138757016;0.9056887044266202;0.09246448394039908;0.8747237749188271;0.7438227455805873;0.5117677120262745;0.14387550461442777;0.34336998362898474;0.040759062099105514;0.548874164023942;0.7014284961557404;0.7991050567881264;0.1803707347446144;0.38066050339089436;0.12445711555190986;0.8380760032536904;0.05690227347526178;0.8774516663982674;0.9525940556875836;0.39436178268673583;0.8613648510691592;0.4000000000000001;0.48592045132296985
133;0.3539368671513313;0.328011161978488;0.8603210647944259;0.6944906094631712;0.3281447528040967;0.32614636660015384;0.7345545969533174;0.32884426207264306;0.8652159159762709;0.6529443976675705;0.6669306029251273;0.6001516042277455;0.4803753881913513;0.4796484652788182;0.17073075347013908;0.053868799818848956;0.686755344227539;0.6674946247182736;0.02119301141015445;0.2462700953112653;0.5215930176486171;0.749948191970468;0.10000000000000003;0.45257150184664
134;0.8832470664852371;0.47255242393102126;0.4064227068451791;0.8650266767773198;0.574315944256515;0.8044617298274577;0.9775845436811279;0.12477411735898514;0.38988512487876115;0.40132826789529663;0.23188176009529626;0.5113576149155037;0.6451501172645717;0.48993262482921907;0.9047122953972728;0.7126140984962328;0.22271757191577135;0.04845521160148447;0.8448489720799763;0.5437623078206222;0.608815202965362;0.6697664133974288;0.6000000000000001;0.46627252393781915
135;0.9002851385260641;0.6448092805404801;0.6673451115454243;0.0030320867504846226;0.19069606985865847;0.28509890492252576;0.7320728117742821;0.658244990276053;0.9770740411434162;0.37317694273622803;0.8686259074481498;0.22836861819560983;0.22193796490475953;0.9217223635970129;0.4611207911404289;0.07861362639352354;0.8624575756050253;0.19879490210024087;0.5026769034831774;0.8175193111339862;0.8876307776821941;0.31515554696512765;0.45;0.45039754877774124
136;0.5255807553083426;0.5639367981896943;0.7820449920052688;0.954881158499418;0.7984758084252904;0.19781418362365327;0.4129877715230825;0.15739571539258734;0.5061379937602555;0.6767596441669897;0.07810395851995289;0.06095439460382246;0.22021702715382063;0.9069714187164202;0.8014295163812888;0.2106229878398036;0.9467786205110061;0.1381570638803573;0.10897340208179512;0.8964209501847;0.6578120849203368;0.08976294165513654;0.35000000000000003;0.4520060170928727
137;0.682772531214343;0.7908923987398107;0.7615979883950388;0.9698419615017898;0.9823920857499132;0.3449668459679561;0.5446854280928897;0.5550453586393123;0.14176325469241546;0.10614036989295894;0.6527512100032403;0.42755123590201705;0.43909661275733136;0.40865184160784995;0.3302187414513412;0.574693496874306;0.670796182828096;0.5516101966060449;0.6539703273888497;0.5972947360362943;0.5640851322349939;0.5128594324002858;1.0000000000000002;0.45180578994109977
138;0.24090234566395552;0.17164281317920205;0.06102816497462871;0.9881723738732059;0.5558987550465007;0.679361937465382;0.5386770580210452;0.05107620866338536;0.09927131302300007;0.7786749530474849;0.45918670865936806;0.43197783575895765;0.1639883087980562;0.036877605509619826;0.22797309036155253;0.6943530976111809;0.7331354338097561;0.9548124355399374;0.7602482004593352;0.7298721986065526;0.9614521674412935;0.4155841484638167;0.04999999999999999;0.46914783374334396
139;0.36233108201004705;0.8019717879293995;0.6165599319164474;0.56346359114317;0.43817753104232393;0.34481025416393274;0.7981981750376175;0.921362191052818;0.356795581275168;0.6182459329280586;0.37531467588058287;0.5207262265514014;0.5502403254685064;0.9733786404160023;0.6488683579294231;0.08550633842562494;0.12309441791319153;0.6030861588418126;0.38801874928232877;0.3093801124935278;0.1662301919087369;0.7652079803785898;0.6500000000000001;0.4565850199849087
140;0.8572570790394166;0.9208350512137533;0.6424826916841528;0.803837421363125;0.334668915195784;0.45413165531709737;0.18619981073716563;0.9393386743415133;0.11589806761906796;0.5757453592851133;0.4064428312717926;0.698740312623201;0.3404800598259859;0.11436807527149373;0.42810948855594994;0.14906733144303885;0.1023031964770687;0.4810394205766837;0.7886803443583459;0.5161836929293409;0.42977506298895907;0.4428230193859822;0.55;0.44696133428379786
141;0.4045714868159026;0.7868701925468291;0.08100372888344043;0.8759457499973357;0.5420765008930045;0.16212067171227731;0.02564758571388115;0.9953544759195359;0.487553697358873;0.9743355352388289;0.49259995704451776;0.4503571756606912;0.08300698756656422;0.7471275503339401;0.14493643977097026;0.2835629341560546;0.9211764567936961;0.9449617423942174;0.39176234399798937;0.22266508317826972;0.17059514174030255;0.37634000061444034;0.75;0.39117806883550615
142;0.30838665753717265;0.9711389073139349;0.6949860000978794;0.45401811335514725;0.285715159229214;0.8283407845873262;0.08426608420502002;0.5444941736003077;0.23791008617894693;0.3775585073240807;0.021632394821345935;0.013048420938525318;0.01696689951942748;0.253664250106751;0.5781871740341776;0.033655768933594565;0.24431424782925215;0.7243838517560355;0.693608826833267;0.4890093242817428;0.09025002707110918;0.857480421041712;0.6000000000000001;0.4447045903827035
143;0.3451011809786889;0.4019404008393439;0.9573677054768346;0.19747547202055504;0.8675045304022542;0.5712219225157954;0.7936710501650661;0.9293902683165276;0.7726175823336767;0.0380131925006032;0.550335080498147;0.20575730154028715;0.9048074383653246;0.8470911223178126;0.7081036688378158;0.6885982447873982;0.6642507617560899;0.07277892131559272;0.004015820420591121;0.9823067702028536;0.4032868284722303;0.6268151232502859;0.35000000000000003;0.49036909511383525
144;0.12796849657321296;0.02989841097836754;0.34298938713867755;0.9113058491078202;0.1474476706247232;0.4982811088132473;0.9632622326079221;0.3443228685520363;0.34988363820675916;0.47699726113225005;0.1218940273670257;0.7672770235339035;0.052077689833053;0.32834840638728124;0.6308651086918825;0.5100462520695599;0.45040978201256465;0.9750350246113011;0.5339409658488851;0.33875012024657813;0.4442389705212399;0.5092171996460091;0.55;0.42331507525313355
145;0.6733793731354664;0.18656525080289876;0.5362118973626393;0.035784543152653926;0.029357712360337625;0.4162298771035817;0.8065898465944277;0.8927235391642276;0.8293977420527558;0.08623572994605799;0.3628250903483142;0.22354157088603344;0.16757726915190085;0.5245144418002523;0.659917480974133;0.8905653429475366;0.05204376403600286;0.7287580595698278;0.6717792259032515;0.16216067525498956;0.8093548373864478;0.48104743892183505;0.10000000000000003;0.46733622748813053
146;0.6560244348752401;0.3602495994689894;0.03338545102623336;0.5627326641227183;0.5536063427422496;0.007271055933098725;0.04039254518631363;0.5488510673134928;0.6696104212717664;0.8693658680263184;0.1997655381891582;0.06498183231302557;0.7247402223267568;0.611236261236578;0.46249600532685015;0.4476286032893544;0.7056617652410545;0.6809953052056832;0.6004433819125528;0.12079592057969535;0.5432936252009184;0.49720724933597454;0.55;0.5301787590357214
147;0.46328630264285653;0.9855324742956262;0.790493863200449;0.08446877421221861;0.4818969042999355;0.6099920257938832;0.1128965255600245;0.6893581976879544;0.8801877037254562;0.7724775300222494;0.9254319884411216;0.6717339806161091;0.6755362550246123;0.9959721888300725;0.8534986067805109;0.5326281872578971;0.3555468057215543;0.3541816556304034;0.6068278225455157;0.827745773641128;0.7890040770104292;0.4989514609519264;0.15000000000000002;0.45987569677184503
148;0.935176917986093;0.279328848021283;0.5895487514128785;0.28112863063860055;0.9661180880006237;0.481165226678931;0.4966705270832441;0.8612984513453499;0.5700997473512093;0.20891592292702144;0.4396944532804027;0.9539724258677871;0.5772010362966987;0.763113208847753;0.9228033904472366;0.3874492351239667;0.5897698877579884;0.2925177998748927;0.11497685012814984;0.8771593621038318;0.5567129494259057;0.8549049214444104;0.6000000000000001;0.47736811042187655
149;0.7869596039072418;0.4516570500598638;0.8521651081805468;0.14836614359485856;0.24489624402788907;0.7666142878216163;0.6732099755417627;0.7354449126274658;0.3835164312983954;0.8063609887987931;0.444258196267323;0.46280945914702354;0.8142377849856317;0.42587233156726345;0.27629656015371284;0.7695156685310129;0.43274489736004995;0.9667324956769492;0.01705760632589537;0.5352277552064499;0.6740270977340745;0.7310494704882884;0.04999999999999999;0.44954368791557087
150;0.8997957724796318;0.5482801363650578;0.80258931715895;0.8294723863160702;0.11395282738580859;0.33279801044114743;0.44657259200833255;0.9077963048827213;0.11766119607056269;0.1650655262613031;0.15135402293913502;0.7255827985253378;0.49510162068869185;0.260907186147433;0.48617570700847457;0.6707264788564071;0.4143782228937032;0.8835030673284212;0.29993580018219723;0.34753264174377163;0.9727227152694597;0.29819118035663866;0.75;0.4512034708817393
151;0.37885067248860527;0.8121512742032966;0.7998824649904599;0.9194086918584933;0.7963813037636356;0.0359193560004457;0.6923896689084994;0.11145077312200313;0.4987658287104306;0.25686588334693494;0.08976086860139232;0.4994216076721665;0.00013717789821576787;0.7179983408054484;0.21845383217313566;0.6628858277308503;0.7003342421480901;0.8297239527586613;0.8617193503577101;0.31508368458179925;0.47163094765605784;0.5758680471570692;0.04999999999999999;0.439122035101333
152;0.003299275259420198;0.32718756937719484;0.41468807312834044;0.5998599319061153;0.20074751340325128;0.8298661500078682;0.3686812412962983;0.11543002563575322;0.6225432029823885;0.1518672536525476;0.8732058315132308;0.09804511523211568;0.6141364947072349;0.9522765803428301;0.8608022237711032;0.4053418552474879;0.7615164473484953;0.7937856549714195;0.559274369112156;0.9156129828888735;0.8833656074483822;0.04905206825304176;0.75;0.5942880943016132
153;0.30983592290867945;0.32545056175409104;0.7461443390862916;0.5171321570866986;0.49706765296111205;0.32825043875605314;0.7758072972670642;0.4177475444611829;0.35566055893805215;0.1632609119446271;0.747341162308739;0.032621235828243944;0.056112703852801316;0.2598933423767358;0.6957046398917883;0.15430415800319341;0.1575048677590556;0.34690116608571264;0.1269465459216984;0.6199587377625437;0.8497726190023231;0.12907834508836447;0.6000000000000001;0.445664202703256
154;0.21558666378598346;0.9094434544673;0.4542826997214813;0.06628794881358477;0.9946350005659251;0.2552663743895941;0.017921680264404882;0.07166747740599955;0.5200294758358697;0.444036306415447;0.4115820465640362;0.5313555178567353;0.4782363853740464;0.7919418519110861;0.4368147162710649;0.6547969095479909;0.5449398079008844;0.9347816421848938;0.6213533195677905;0.08281192536365523;0.8467354733330681;0.077791136970919;0.55;0.4895190158001301
155;0.8046878428945784;0.14544825084261093;0.065811750082992;0.6394810448189986;0.40176919308064596;0.5687114566351146;0.6076891187452473;0.04278309752465437;0.2619618444741767;0.7623998371250046;0.2476636320388247;0.5305888642191174;0.1686233447476797;0.492061669692748;0.588593530712451;0.36423214579044316;0.8864258895467988;0.33773817810200013;0.9844442404433214;0.739864181509917;0.2174674761270679;0.5966158314824528;0.2;0.47244290237934267
156;0.6921040365772654;0.5820066624718323;0.6851775600351446;0.22841862198410312;0.46464259542531855;0.23105552817790379;0.9208403967536483;0.9288215301285259;0.615786210754913;0.019200015522903957;0.3128330961588581;0.649634909655262;0.04225725277606518;0.8428639008390482;0.7749048023796494;0.05594246530563751;0.7923629553478772;0.7576466626770961;0.23057670689626464;0.26138519033731233;0.8291252430209458;0.7206913281751886;0.35000000000000003;0.44766010630610886
157;0.7661578467835136;0.12929130674593625;0.4942191242541869;0.4825028029227763;0.30996204803616306;0.2588767165744019;0.27711761696796655;0.6810777269451356;0.8766079324978093;0.8202627863795026;0.4055915546592558;0.8483975339607417;0.17441217410062643;0.2768020662415376;0.050885984765126936;0.297739925207992;0.016602832915001142;0.5113559084680701;0.2948614734610699;0.39318979329569004;0.3411214009827962;0.28297801914016935;0.6000000000000001;0.41166594131874085
158;0.5463348412173278;0.5213688801286296;0.1115212141975005;0.28179471700209374;0.1920810689882481;0.9822177787101064;0.09912723135827117;0.9704232160642496;0.7485535068170321;0.08009350025150674;0.29903376997764053;0.919075958206701;0.7092386252955442;0.053950390838126694;0.8293518191814114;0.515255675837019;0.08047609628171054;0.33866773339775946;0.3611792645242837;0.9662562466531817;0.6004914578370879;0.876276352316208;0.25;0.4906849196576421
159;0.45990570557073773;0.21397300953517195;0.750029790275512;0.5342635081122598;0.21882245193401387;0.9418567997843018;0.9611342454385692;0.19843872144024233;0.9770826647350843;0.526368116861636;0.25302048581260117;0.9479423746177347;0.6281634210671269;0.4233672369430721;0.8614554307539288;0.1761396314700967;0.7895126492817511;0.7965150714898153;0.8753838234592;0.35778289023489585;0.9517590471600179;0.741476778960297;0.8;0.5002293932310108
160;0.8021175936089368;0.24091059661356384;0.5638393427121695;0.8258660729725391;0.1593252030138334;0.5376075954677624;0.5026543418898506;0.45060402009647116;0.5223113972154039;0.18516001377510516;0.5551224062356991;0.5110620911862487;0.7729180019808422;0.3509487534621707;0.35730194903448664;0.8612699312347853;0.35717178603978317;0.39266262431839993;0.8461116923627141;0.022539383752409936;0.787418770938212;0.2680503454553533;0.35000000000000003;0.49704062386121883
161;0.20118645608285501;0.09188817926161241;0.21902182898805922;0.16252699168599;0.5716670436648721;0.16974058140960363;0.13258912417733204;0.9459229450480156;0.9479123058259664;0.7251243583172272;0.42136522476873306;0.7897661281835524;0.2933528349680638;0.6549836201053143;0.11599032279797743;0.3670308753789655;0.715408367961135;0.7627275117767058;0.40602132153118653;0.6874094553434438;0.47442721459627446;0.0768683860075905;0.5;0.42876046839267556
162;0.08853538535695393;0.825191519261472;0.4322105637991476;0.9352458099787162;0.5182118631100063;0.9651204499371404;0.2913193608134035;0.16404096174848348;0.3626517697593623;0.10564947317145523;0.30478270196699375;0.48066137278575005;0.7339775926638827;0.9403034979452203;0.3750800253618738;0.6134895397476896;0.38537145789640126;0.785922641550016;0.0812964139646426;0.6608875989145249;0.38972147143336233;0.9010567146740418;0.2;0.475557494784226
163;0.06394774737163322;0.20628607261320653;0.24118069962304012;0.02563053045252793;0.1307030471667479;0.25981157026840956;0.023628990826237484;0.19083148018625318;0.1304855781768144;0.38140587792151803;0.8234029759104763;0.6024786995103957;0.3373366511546816;0.1394559163553888;0.2344956210957755;0.2068960292196218;0.45623757472129167;0.684069727050058;0.827812236701899;0.4652912621352452;0.6565917954573929;0.403037239692232;0.8500000000000001;0.44772270331517094
164;0.3820128508049857;0.42672800819813905;0.3403281186458915;0.14923703421461396;0.020649412404203;0.9014870156603527;0.26154192146830946;0.4221533303596354;0.3682617660867571;0.39313944478113483;0.5166795057058376;0.5113660136379257;0.7289593408420079;0.27703038808821123;0.9394899979104545;0.9749447172510957;0.044964923827231884;0.09923396824986752;0.46793091975179724;0.5616007857883296;0.3390220917971266;0.2923315308298507;0.15000000000000002;0.48468818740154823
165;0.03774196983200073;0.47403338652600224;0.15087514883146902;0.5790260985292695;0.6250591866567222;0.976818114929257;0.9346386704711025;0.9139548105468802;0.8591682496705186;0.5619221708955032;0.36170942484672;0.7464915253332909;0.5989038373606297;0.7903751945962618;0.11057358842826791;0.3607476767631379;0.9219021005908253;0.20931048858370405;0.5069588890244534;0.6794983208897423;0.8689435191043209;0.8098177519233494;0.55;0.4739325533355828
166;0.5055363019483224;0.9298662887947338;0.5167492408425036;0.7091254126562705;0.7828471862025742;0.36605673349213624;0.675204360219382;0.8697735972238063;0.32246068933361705;0.8388884641751545;0.6169217151834249;0.30260374607906415;0.7680725353486277;0.5398530284603247;0.9494263526933825;0.8998392751027495;0.6757088484294197;0.433622949313601;0.8150041527924191;0.4178627695668302;0.3405849576461929;0.7711949209139031;0.9000000000000001;0.4729123613629647
167;0.738485994405912;0.5460288519382399;0.35228981159445727;0.8320636922000456;0.8636467188107928;0.9408738553380928;0.6491601575186472;0.10830819328008667;0.2676925673596813;0.12256335629408965;0.7028513153832344;0.6453787994394045;0.7790634793405034;0.9956467951458903;0.5577849313620207;0.36692865053371015;0.9606456977956263;0.020297901432775323;0.9819926603088447;0.4877895587202554;0.4353695833809498;0.9343921080180091;0.2;0.46764741606210825
168;0.4412378994577365;0.9671063867138465;0.7300738917483409;0.9691050367531651;0.2394735109181803;0.3375709228349547;0.5245554736217293;0.8484551073421656;0.6275712281768444;0.6905486741044252;0.5120120423245674;0.17617495353480672;0.6426324345861304;0.21541962064306475;0.12124553518362616;0.9752236043576072;0.676037422078334;0.18002388275251446;0.9723654885923116;0.22443477482210694;0.6733003399778557;0.5994416676572658;0.5;0.45988904660788843
169;0.17036075142522955;0.9041931576885041;0.11792370478262504;0.06669313772687886;0.8543591035015459;0.39756431874542364;0.24751190382629717;0.9465875933168746;0.9110522391399742;0.3586005514654008;0.6967921554121911;0.49905249884028424;0.8649579367041913;0.13357256858277555;0.9717706948353456;0.8830877728879605;0.3652676252221537;0.954805958188842;0.13715691813735775;0.9321454869356429;0.743136912815222;0.27216010322234024;0.6500000000000001;0.5968600791892399
170;0.9151522855286004;0.1515087664180892;0.8394001623205403;0.04507377052914784;0.3059550486631567;0.30776508403388275;0.7814762587370085;0.694945467818614;0.5597118756461601;0.46301476535499353;0.2665438521530463;0.9261983048704157;0.06491140917902288;0.12154892370669135;0.2708769894344009;0.8361747771361356;0.11443812467607112;0.817571520095862;0.8277756827408811;0.3494335693411752;0.3800584612842547;0.3680753629080717;0.9500000000000002;0.38142916063602306
171;0.25628764779970814;0.8416508328798551;0.704268679563054;0.29693589562564215;0.607097742934032;0.26962855548455134;0.23975399904592432;0.5361169089500957;0.20277208914275868;0.5361553877093336;0.7276295794655548;0.5290559746679742;0.9151856716102755;0.014958808811856628;0.35248984607564277;0.05263727648953953;0.3890143969122215;0.03601695126972371;0.9809732039148932;0.020446519376150274;0.12957502476756372;0.3043681193288403;0.7;0.46140534024437735
172;0.9068575090622429;0.7615386382821601;0.0943899347481485;0.1186302976624434;0.02271825258392652;0.1145733337418862;0.20342390577437142;0.6016861070911159;0.010828678847249584;0.21911255408973596;0.8471556777827659;0.5831468369117212;0.8559077330542417;0.9969109497743007;0.3899977639544079;0.053858775519934454;0.16592221976285682;0.3199570539980896;0.528794055540554;0.9187769336629186;0.3556920129635983;0.5738614378547466;0.15000000000000002;0.4819889544556127
173;0.7649334421356931;0.43876065908292783;0.3134160329275333;0.3990851599094725;0.675598213094543;0.17479242240135412;0.5353978902894865;0.5127058670665119;0.15099763311768588;0.08627879531021676;0.2677941226365004;0.797460042951182;0.5134252066272734;0.6130434332840524;0.6136625175008613;0.6585803445476559;0.5481007140078437;0.9836643077358471;0.06804380727196851;0.43184815887622374;0.14906537790725066;0.7619493431332498;0.8;0.4683323964495874
174;0.1801089278758855;0.9840629963156522;0.6304493058442919;0.07571491578707208;0.004088575396123999;0.25390346485157034;0.2974154107655327;0.2607685318620967;0.3496403420009606;0.37807193606018463;0.8427762164513511;0.7387443556335913;0.4766008485912408;0.26775764760804854;0.5889317669159663;0.5435101614074052;0.672348063581682;0.4968334051235863;0.9356349631738365;0.8042760389369261;0.4754308522961457;0.37818571814255814;0.45;0.48012811873245875
175;0.8765725557858376;0.44081595953025254;0.5522608897790098;0.6613769072854749;0.9806939244338837;0.9351128878603034;0.3139824326653611;0.060573738355166995;0.1333061897492791;0.2876544046511261;0.38937410632727965;0.6129211582434202;0.41502314168935456;0.04514855773477677;0.09907648512818208;0.08218809152478812;0.01388505974026788;0.4193469741380329;0.6926364981757035;0.7740079789720056;0.8535820771518143;0.8459131708428655;0.35000000000000003;0.44763696499740185
176;0.1370599890369949;0.39082245811896366;0.9591706085362492;0.44015358516641495;0.395696031548666;0.9350149321846113;0.39737024471440696;0.9076489088790656;0.45105069598319525;0.6349141576717842;0.451835780081807;0.5925636758884889;0.908048963830193;0.6478867900789362;0.035656848886446685;0.4160252712580297;0.13445084971864385;0.1739079832160153;0.4983615658692633;0.5732710626455131;0.4146448633683567;0.2634027551794303;0.25;0.48402394466927695
177;0.7827943137645811;0.5691925082859814;0.992331434812888;0.6239173490631554;0.1774132522512906;0.4151992526188424;0.8919524231370397;0.45435186605333366;0.39945261170949786;0.2705600200024473;0.021523815633125443;0.4949892835515164;0.6673080817352414;0.1578203978734143;0.2963966787405071;0.27687251673221347;0.2912720237409582;0.46417710476739016;0.6303606446232051;0.42135850128981445;0.021976424390964144;0.3849289718337769;0.9000000000000001;0.453139529464843
178;0.9455337574967132;0.6047688276127909;0.22774477733033205;0.7210359191907519;0.2563714637533458;0.7852615666275399;0.2677167180494022;0.14581841845001353;0.12995882056861285;0.2916879938320862;0.2617506370953755;0.11996747912226968;0.45748676411188244;0.03662827766375898;0.3219728240231563;0.37584680971729956;0.4126900853525637;0.559098053121067;0.4536956509075164;0.24843389575025432;0.36834977450190415;0.32295746715223833;0.8;0.45712196762932017
179;0.8970353081879124;0.20708876631650064;0.10909307903456833;0.7842846556920132;0.5003908811332467;0.3629519314049164;0.06952716622562738;0.9339828722351273;0.10777057205139529;0.014182595583101754;0.23626602061490865;0.5532004137195303;0.40556168653577784;0.03786013399680854;0.028679042829882047;0.1310526725699157;0.1613129713715275;0.006690392149776292;0.593732203378418;0.09938560784745487;0.6461295943860377;0.8380551877570326;0.25;0.44334916353651704
180;0.4918374682787746;0.35633462026897234;0.8593961734578708;0.46283047710403985;0.4183170879515863;0.8882262661797855;0.7912911149474977;0.8987937408711979;0.12215279465430195;0.7347199822406788;0.7133432087922983;0.736130878585634;0.021481718368788316;0.09902296050007386;0.11080990743333023;0.5078185112411369;0.3424644069544516;0.307789883615319;0.13958494045723996;0.859524142540445;0.48957045506454944;0.7638599478530854;0.35000000000000003;0.430579940700078
181;0.9627883814543677;0.22034430122339543;0.8093754216862465;0.7659825355543367;0.045775630325408566;0.10240259505548059;0.6255100801401079;0.4823749253057146;0.5549588689392349;0.19055627061486635;0.4010117819367113;0.716867021189834;0.6628140998522496;0.09027239255869635;0.23133270851437157;0.595865911885709;0.34803559448677157;0.8184629633283351;0.3561966703220012;0.19789749242820243;0.31647951300921556;0.14066297844591913;0.5;0.4768307795724857
182;0.007196378089994515;0.03202943221235033;0.05050205140510544;0.4988717854211932;0.2512674635416447;0.7915957586048296;0.9721256030240917;0.21567045234564364;0.896607860459921;0.5065559347311034;0.5127818212149086;0.27430576041719434;0.24248615812296254;0.6089424335993954;0.12224328762965346;0.6889275905275456;0.6109276156404205;0.545532940452574;0.3902862427210303;0.1819710760218205;0.4966427030337781;0.9157080957870729;0.5;0.41064579991516653
183;0.4479959690100327;0.41754587433373924;0.11113095525530658;0.7119242129266071;0.7915497529311897;0.04106048903091683;0.456020535317049;0.3046363034133921;0.8021776620211745;0.13337646060084984;0.32182064989361436;0.8242346284307351;0.7339528543833654;0.9952735239885779;0.603531813863863;0.939285201465812;0.6094091172386615;0.21027787887417526;0.11273707844905484;0.20808673601713812;0.5828329607889192;0.5440648220921833;0.55;0.5375998859686822
184;0.9888468230751447;0.9869241462557568;0.22579153382293216;0.1295344403577398;0.7452695231468194;0.6523645186853064;0.4680914156016942;0.4879646885909046;0.6025066623578637;0.9262145674174885;0.32480208712028613;0.41909044582824295;0.08132585132246256;0.14013561665858987;0.07967100210984464;0.7149955318923871;0.47171163357033374;0.1409147860970732;0.6503105000523107;0.39148798483848135;0.44058627728405125;0.19366521747638765;0.45;0.4125107865975036
185;0.3882905485721527;0.6936547246458178;0.0073955232071383215;0.6062479822627288;0.7808776139330026;0.9716933550317917;0.0008542836008513799;0.223879493326401;0.12228483074159757;0.3839140605176635;0.3310251026269905;0.9612910655998443;0.7250007931383771;0.5657573928957778;0.9115271778259877;0.38810470515677853;0.6694504998437653;0.8979902916940268;0.131224123977006;0.885572851137584;0.3340852911326353;0.8067656930068279;0.9500000000000002;0.5980655080277424
186;0.5222044930836874;0.7991493782504346;0.529737657541091;0.49528233696285145;0.6410258066698846;0.06717116396131761;0.435880529075513;0.7378721051996215;0.04611627859809708;0.05099866223183491;0.18016183696152632;0.8375525331006457;0.14531628633207483;0.3531035172869297;0.0351582930391556;0.13707180376209394;0.5267337745939991;0.6016514791254723;0.8574455367098579;0.017850567468803424;0.3546711662808095;0.392766660442706;0.25;0.44633158466898276
187;0.7528098116567993;0.9808601666227417;0.49349780694043766;0.30936151620601215;0.052275835816818474;0.47267942127441365;0.8070988728842239;0.2511383029261154;0.47641075264697674;0.1423073137233667;0.30089326354870416;0.4852213612127161;0.7428807380045848;0.2638476274272241;0.028708212853163485;0.9452010363252183;0.4708014569118575;0.07128673706390742;0.5448416313923048;0.7282564136412211;0.4756449834340279;0.5601863034097174;0.15000000000000002;0.45905986266758
188;0.7526735258969487;0.7781209531842856;0.8504145185473888;0.19701238966354798;0.7192535080351196;0.7911151532972973;0.34604404346310913;0.08083795216209677;0.31436179005972753;0.6647748709099884;0.7813120199234046;0.17507707077034962;0.9516635130423086;0.5621564682397011;0.44371718932921944;0.9987223384460959;0.7074790815127722;0.695196189209041;0.13499254124385918;0.2526810019340793;0.23901752463662362;0.6233343717981739;0.6500000000000001;0.460104000527263
189;0.2922777404199425;0.8732248181275817;0.4980249825923806;0.6564507589329651;0.38664386786096355;0.946563944905646;0.10257732947765352;0.3575248868743468;0.7408245879846715;0.8098481638197225;0.42098922285571583;0.0845460780377173;0.5312416268487449;0.20186217600717438;0.275666345716938;0.42305136742082183;0.5097728585861376;0.8204316030863272;0.025800172558314793;0.07607298729743928;0.13036602004906755;0.8766936147148134;0.9000000000000001;0.4566320859801593
190;0.07704478416723859;0.38304434183822544;0.027083758153105264;0.07256392081593618;0.8373631037213496;0.033059506898118984;0.8584969708829837;0.9014278238254689;0.5581354515166748;0.34065988025571337;0.3975581825443747;0.3843400628485967;0.3237887193729547;0.22122801923408986;0.13466388140084906;0.2781158776470063;0.834734921947032;0.36523647763435707;0.9250625619699397;0.9962984948355065;0.21178384444013348;0.9494866684083203;0.6500000000000001;0.5761560562481762
191;0.9124755058185164;0.7968599584570517;0.4318124682272859;0.2721439728347169;0.625220048112787;0.43224924128635644;0.6302378115458738;0.923738678151746;0.42097909747130347;0.21322181997499978;0.8181179385933576;0.7463729121813387;0.2734062329598352;0.35955910554406856;0.8740000509080764;0.9724675703569075;0.38792153234382465;0.743888551488693;0.7050265302948444;0.9732095966454148;0.8823271005567743;0.8213327888503976;0.6000000000000001;0.4561951828487426
192;0.9518778195478402;0.20182308966242246;0.37510841245360704;0.5423151913592125;0.19106547513745425;0.7108364910019996;0.4829090178114004;0.561711787961144;0.11460899689368165;0.2053081523132979;0.6657539412596144;0.7377475313640076;0.27570521526865144;0.4055500392365401;0.7609165720132569;0.7154328999656618;0.9653020045555575;0.1710987835204032;0.04039296465029035;0.15510108834110947;0.9278972207381297;0.6437274991733617;0.6500000000000001;0.464023535476255
193;0.8612579881718047;0.9185574224407866;0.9607369905730787;0.39276886622370044;0.5371408765210998;0.25240940493956876;0.28266189848727885;0.15313142136885172;0.4799350691370585;0.5067689518178339;0.6209381355765083;0.9390632252498796;0.07032101990018985;0.25011100036098277;0.8899354769534488;0.022151381608042975;0.10726686646376171;0.5410228004667712;0.9644956953856391;0.18603675959539068;0.9380697412994449;0.8002497214381421;0.4000000000000001;0.44280180725699714
194;0.5982930352351027;0.5669173149238149;0.6270064777807174;0.02845458916785769;0.7397251098267219;0.8021106045521442;0.5518278284117781;0.4015734871006995;0.5138508635571954;0.8419531669492067;0.47472039700680335;0.7158742125666835;0.6237586362268607;0.23032945255453718;0.31806715152819026;0.6681633847865447;0.4133323612801759;0.2309440896613657;0.8619819741227914;0.6227073460475552;0.8319469825713892;0.24494969122715987;0.7;0.45322046005598765
195;0.6905939534217359;0.4653216669252396;0.07536679305826055;0.14894620539999448;0.9331265059087863;0.6140782240019742;0.8258519993097251;0.9101342430814787;0.22395413322115676;0.14956735551666311;0.6736189711147641;0.3624648547462068;0.7670335727360922;0.8188174362394136;0.09707057454441459;0.8079501446701807;0.4373026021298315;0.928106936773168;0.6687469267797091;0.736260452199551;0.26617576070043303;0.9256158424604324;0.10000000000000003;0.48794895312770603
196;0.8728594015479597;0.5511627719369223;0.9550934986893675;0.07608689600590894;0.08898628953679828;0.41300253286560845;0.5631337790291524;0.6643564473109331;0.6531638922444789;0.4757317434028071;0.6413133749932381;0.9364698525127426;0.908808879104156;0.8606344536790091;0.7524291853540057;0.33781470950470194;0.5393948487605712;0.3642860341618852;0.9501511451037377;0.8678870020735221;0.4922151189491478;0.7892007394291873;0.8;0.4609540662777829
197;0.46391048761388143;0.04316429987360859;0.5256362806384127;0.023995863143361773;0.6852701255454922;0.9975085154238197;0.41223869204389385;0.2589193180753513;0.7860921177799305;0.3571325357183336;0.1439280969176694;0.7412646727578365;0.06057780446267913;0.26060454935041033;0.8867226937929872;0.18454931185141454;0.9737226660166561;0.6608202555141311;0.10267600568783208;0.1656533946144214;0.18826275224784622;0.1893782157519377;0.75;0.45107451642726265
198;0.5902913571345877;0.12935134637415757;0.3719739943476965;0.31602438451639386;0.9239361957453964;0.29698452636624983;0.032922667911609915;0.5633495413585674;0.38900601445809446;0.11483269733750434;0.3617906734358204;0.491211707717907;0.790452043985236;0.6437944549615118;0.9145657054644055;0.8340726844009652;0.8551652765649967;0.296038548928254;0.7648827420372324;0.11941496213587666;0.3401891556957124;0.6848750786866751;0.9500000000000002;0.6142976861317939
199;0.3037072029845308;0.6895464287766595;0.981166549079183;0.3076649079179411;0.7843071191560174;0.5285579588926891;0.07668052728625852;0.000393486281465405;0.40721652596069546;0.3612430553421496;0.8775265137324456;0.3373941448846143;0.8924964103649018;0.35708728291384695;0.4931671709428662;0.4331890856882552;0.8469407923002815;0.6263882487272445;0.050454324724650945;0.7677391251512684;0.7531683682385352;0.7533040342746729;0.10000000000000003;0.47025059603288155
200;0.0962685757934002;0.5407554848808618;0.05915724496156938;0.8267480770845758;0.2475109929864667;0.8696149387897436;0.5113972908303293;0.37604739568532985;0.06826586600645124;0.42338972726626734;0.8279153048114477;0.3447066244669523;0.6264790200684893;0.9427705489400191;0.9893209942685078;0.33052377105722375;0.8332263924297122;0.1299460113484785;0.15541164095880755;0.22597675618185242;0.3123247925386119;0.8715993554913346;0.5;0.5286361060928889
